origin_string_data,clean_string_data,placeholder
"13800000	1380	546	爆炎撼地斩子技能--巨像化	1	1	0	4	0	0	0	30097	0	100	0	13	15	0	0	1000	0	0	400	0	0	0	0	0	0	0	0	4	0	0	0	0	0	0	0	1	0	0	0	3	1209	49	凝聚烈焰之力，猛击周围及前方扇形范围内的敌人，造成[@97+11@]%物理伤害。	NULL	NULL	NULL	Skill_Warrior_byhdz	0	NULL	Skill_Warrior_byhdz_Impact	23byhdzjx_dm.TME	NULL	0	0	0	0	0	NULL	0	0	0	0	0	0	250	0	0	0	0	0	0	0	1	0	0	0	0	0	1	0	0	NULL	0	0	0	0	NULL	NULL	0	0	0	50	2	0	0	NULL	0	0	0	NULL	1006	0	0	0	0	0	0	0	0	0	0	0	0	0	0	0	0	0	0	0	2	0	0	0	0	0",爆炎撼地斩子技能--巨像化 凝聚烈焰之力，猛击周围及前方扇形范围内的敌人，造成[@97+11@]%物理伤害。,
"14800000	1480	544	飞天审判斩子技能--巨像化	1	0	0	4	0	0	0	0	0	0	0	0	0	0	0	0	0	0	0	0	0	0	0	0	20	1	1000	31250	666	1482000	0	0	0	0	0	1	0	0	0	1	0	0	0	NULL	NULL	NULL	Play_10510	0	SGftspz_shenpan	NULL	NULL	NULL	0	0	200	0	0	NULL	0	0	0	0	0	0	0	0	0	0	0	0	0	0	1	0	0	0	0	0	1	0	0	NULL	0	0	0	0	NULL	NULL	0	0	0	0	2	0	0	NULL	0	0	0	NULL	0	0	0	0	0	0	0	0	0	0	0	0	0	0	0	0	0	0	0	1000000000	2	0	0	1100000000	990	0",飞天审判斩子技能--巨像化,
"15100000	1510	229	旋风利刃子技能	1	0	0	4	0	0	0	0	0	100	10	8	30	414	0	0	0	0	0	20	0	0	0	0	0	0	0	0	0	0	0	0	0	0	0	1	0	0	0	3	0	0	使用斗气对四周大范围的敌方目标进行猛烈劈砍，每次造成[@1566+21@]%物理伤害。期间角色可移动，但无法施放其它技能。\n[/0X00ff00]（已领悟神性天赋・屠戮）	NULL	NULL	20334skill_samll|20334skill	NULL	0	20334_act	Skill_Warrior_xflr_Impact	NULL	NULL	0	0	0	0	0	NULL	0	0	0	0	0	0	0	0	0	0	0	0	0	0	1	0	0	0	0	0	0	0	0	NULL	0	0	0	0	NULL	NULL	0	0	0	0	2	0	0	NULL	0	0	0	NULL	1510	0	3	0	0	0	0	0	1250	0	0	0	0	3	0	0	0	0	0	0	1	0	0	0	0	0",旋风利刃子技能 使用斗气对四周大范围的敌方目标进行猛烈劈砍，每次造成[@1566+21@]%物理伤害。期间角色可移动，但无法施放其它技能。\n[/0X00ff00]（已领悟神性天赋・屠戮）,
"15460000	1546	229	旋风利刃子技能・屠戮	1	0	0	4	0	0	0	0	0	100	10	8	30	414	0	0	0	0	0	20	0	0	0	0	0	0	0	0	0	0	0	0	0	0	0	1	0	0	0	3	0	0	使用斗气对四周大范围的敌方目标进行猛烈劈砍，每次造成[@1566+21@]%物理伤害。期间角色可移动，但无法施放其它技能。\n[/0X00ff00]（已领悟神性天赋・屠戮）	NULL	NULL	20334skill_samll|20334skill	NULL	0	20334_act	Skill_Warrior_xflr_Impact	NULL	NULL	0	0	0	0	0	NULL	0	0	0	0	0	0	0	0	0	0	0	0	0	0	1	0	0	0	0	0	0	0	0	NULL	0	0	0	0	NULL	NULL	0	0	0	0	2	0	0	NULL	0	0	0	NULL	1510	0	3	0	0	0	0	0	1250	0	0	0	0	3	0	0	0	0	0	0	1	0	0	0	0	0",旋风利刃子技能・屠戮 使用斗气对四周大范围的敌方目标进行猛烈劈砍，每次造成[@1566+21@]%物理伤害。期间角色可移动，但无法施放其它技能。\n[/0X00ff00]（已领悟神性天赋・屠戮）,
"15900000	1590	543	旋风利刃子技能--巨像形态	1	0	0	4	0	0	0	0	0	0	0	0	0	0	0	0	0	0	0	0	0	0	0	0	0	0	0	0	0	0	0	0	0	0	0	1	0	0	0	3	0	0	主动技能模板	NULL	NULL	NULL	NULL	0	NULL	NULL	NULL	NULL	0	0	0	0	0	NULL	0	0	0	0	8192	0	0	0	0	0	0	0	0	0	0	0	0	0	0	0	0	0	0	NULL	0	0	0	0	NULL	NULL	0	0	0	0	2	0	0	NULL	0	0	0	NULL	0	0	0	0	0	0	0	0	0	0	0	0	0	3	0	0	0	0	0	0	2	0	0	0	0	0",旋风利刃子技能--巨像形态 主动技能模板,
"16800000	1680	542	狂怒之跃子技能--巨像形态	1	0	0	4	0	0	0	0	0	0	0	0	18	0	0	0	0	0	0	0	0	0	0	0	0	0	0	0	0	0	0	0	0	0	0	0	0	0	0	3	0	0	使角色、队友及队中所有已合体幻兽的当前生命值和最大生命值分别提高[@10+15@]%，并降低[@20+26@]%受到的所有伤害，持续10秒。	NULL	NULL	23knzyjx_pk	Skill_Warrior_yyww	0	NULL	NULL	23knzyjx_sj.TME	NULL	0	0	0	0	0	NULL	0	0	0	0	0	0	0	0	0	0	0	0	0	0	1	0	0	0	0	0	0	0	0	0	0	0	0	0	0	0	0	0	0	0	0	0	0	0	0	0	0	0	0	0	0	0	0	0	0	0	0	0	0	0	0	0	0	0	0	0	0	0	2	0	0	0	231	0",狂怒之跃子技能--巨像形态 使角色、队友及队中所有已合体幻兽的当前生命值和最大生命值分别提高[@10+15@]%，并降低[@20+26@]%受到的所有伤害，持续10秒。,
"21000000	2100	208	星陨	1	0	0	4	0	30	0	30805	0	100	10	12	15	409	16	0	0	0	0	30	0	0	1	0	999	999	100	0	0	35	0	0	0	0	0	0	0	0	0	3	0	0	召唤流星，每隔0.7秒随机选择1~3名周围敌人进行打击，每次打击坠落1~3颗流星，每颗流星造成[@805+11@]%的魔法伤害。星陨时间持续10秒。	NULL	Skill_YNZ_xy_cp	NULL	Skill_YNZ_xy_cast	0	2080basehead_act	Skill_YNZ_xy_hit	2080baseground_act.TME	NULL	0	0	0	0	0	NULL	0	0	0	0	0	0	0	0	0	0	40	0	0	0	1	0	0	0	0	0	4	0	0	NULL	0	0	0	0	NULL	NULL	0	0	0	0	2	0	0	NULL	0	0	0	NULL	2100	2	0	0	0	0	0	0	0	0	0	0	0	0	0	0	0	0	0	0	1	0	0	0	0	0",星陨 召唤流星，每隔0.7秒随机选择1~3名周围敌人进行打击，每次打击坠落1~3颗流星，每颗流星造成[@805+11@]%的魔法伤害。星陨时间持续10秒。,
"21360000	2136	208	星陨・星之耀	1	0	0	4	0	30	0	30805	0	100	10	12	15	436	0	0	0	0	0	30	0	0	0	0	999	999	85	10	5	35	0	0	0	0	0	0	0	0	0	3	0	0	召唤流星，每隔0.7秒随机选择1~3名周围敌人进行打击，每次打击坠落1~4颗流星，每颗流星造成[@805+11@]%的魔法伤害。星陨时间持续10秒。\n[/0X00ff00]（已领悟神性天赋・星之耀）	NULL	Skill_YNZ_xy_xzy_cp	NULL	Skill_YNZ_xy_xzy_cast	0	2080awakehuman_act	Skill_YNZ_xy_xzy_hit	2080awakeground_act.TME	NULL	0	0	0	0	0	NULL	0	0	0	0	0	0	0	0	0	0	0	0	0	0	1	0	0	0	0	0	2	0	0	NULL	0	0	0	0	NULL	NULL	0	0	0	0	2	0	0	NULL	0	0	0	NULL	2100	2	0	0	0	0	0	0	0	0	0	0	0	0	0	0	0	0	0	0	1	0	0	0	0	0",星陨・星之耀 召唤流星，每隔0.7秒随机选择1~3名周围敌人进行打击，每次打击坠落1~4颗流星，每颗流星造成[@805+11@]%的魔法伤害。星陨时间持续10秒。\n[/0X00ff00]（已领悟神性天赋・星之耀）,
"53060000	5306	177	冰霜冲击：冰缚	1	1	0	4	0	0	0	30090	0	100	5	12	17	0	0	5000	93	0	0	0	0	0	0	0	0	0	0	0	0	0	0	0	0	0	0	0	0	0	0	1	475	93	对目标造成[(SkillNum_NumPic){90}][~SkillNum_SymbolPic~]魔法伤害，并减缓其移动速度，持续[(SkillNum_NumPic){5}]秒。	NULL	NULL	frozen_field1	Skill_Magician_IceImpact_01	190	frozenfield1_act	FX_Magic_Impact_Ice	NULL	NULL	0	0	0	0	0	NULL	0	0	0	0	4096	0	0	0	0	0	0	0	0	5307	0	0	0	0	0	0	0	0	5300	NULL	0	0	0	0	NULL	NULL	0	0	0	0	2	0	0	NULL	0	0	0	NULL	0	0	0	0	0	0	0	0	0	0	0	0	0	0	0	0	0	0	0	0	1	0	0	0	0	0",冰霜冲击：冰缚 对目标造成[(SkillNum_NumPic){90}][~SkillNum_SymbolPic~]魔法伤害，并减缓其移动速度，持续[(SkillNum_NumPic){5}]秒。,
"53060010	5306	177	冰霜冲击：冰缚	1	1	0	4	1	0	0	30100	0	100	5	12	17	0	0	10000	101	0	0	0	0	0	0	0	0	0	0	0	0	0	0	0	0	0	0	0	0	0	0	1	475	101	对目标造成[(SkillNum_NumPic){100}][~SkillNum_SymbolPic~]魔法伤害，并减缓其移动速度，持续[(SkillNum_NumPic){5}]秒。	NULL	NULL	frozen_field1	Skill_Magician_IceImpact_01	190	frozenfield1_act	FX_Magic_Impact_Ice	NULL	NULL	0	0	0	0	0	NULL	0	0	0	0	4096	0	0	0	0	0	0	0	0	5307	0	0	0	0	0	0	0	0	5300	NULL	0	0	0	0	NULL	NULL	0	0	0	0	2	0	0	NULL	0	0	0	NULL	0	0	0	0	0	0	0	0	0	0	0	0	0	0	0	0	0	0	0	0	1	0	0	0	0	0",冰霜冲击：冰缚 对目标造成[(SkillNum_NumPic){100}][~SkillNum_SymbolPic~]魔法伤害，并减缓其移动速度，持续[(SkillNum_NumPic){5}]秒。,
"53060020	5306	177	冰霜冲击：冰缚	1	1	0	4	2	0	0	30110	0	100	5	12	17	0	0	15000	109	0	0	0	0	0	0	0	0	0	0	0	0	0	0	0	0	0	0	0	0	0	0	1	475	109	对目标造成[(SkillNum_NumPic){110}][~SkillNum_SymbolPic~]魔法伤害，并减缓其移动速度，持续[(SkillNum_NumPic){5}]秒。	NULL	NULL	frozen_field1	Skill_Magician_IceImpact_01	190	frozenfield1_act	FX_Magic_Impact_Ice	NULL	NULL	0	0	0	0	0	NULL	0	0	0	0	4096	0	0	0	0	0	0	0	0	5307	0	0	0	0	0	0	0	0	5300	NULL	0	0	0	0	NULL	NULL	0	0	0	0	2	0	0	NULL	0	0	0	NULL	0	0	0	0	0	0	0	0	0	0	0	0	0	0	0	0	0	0	0	0	1	0	0	0	0	0",冰霜冲击：冰缚 对目标造成[(SkillNum_NumPic){110}][~SkillNum_SymbolPic~]魔法伤害，并减缓其移动速度，持续[(SkillNum_NumPic){5}]秒。,
"53060030	5306	177	冰霜冲击：冰缚	1	1	0	4	3	0	0	30120	0	100	5	12	17	0	0	0	117	0	0	0	0	0	0	0	0	0	0	0	0	0	0	0	0	0	0	0	0	0	0	1	475	117	对目标造成[(SkillNum_NumPic){120}][~SkillNum_SymbolPic~]魔法伤害，并减缓其移动速度，持续[(SkillNum_NumPic){5}]秒。	NULL	NULL	frozen_field1	Skill_Magician_IceImpact_01	190	frozenfield1_act	FX_Magic_Impact_Ice	NULL	NULL	0	0	0	0	0	NULL	0	0	0	0	4096	0	0	0	0	0	0	0	0	5307	0	0	0	0	0	0	0	0	5300	\n使用元素之核，可将该技能提升至巅峰等级。	0	0	0	0	NULL	NULL	0	0	0	0	2	0	0	NULL	0	0	0	NULL	0	0	0	0	0	0	0	0	0	0	0	0	0	0	0	0	0	0	0	0	1	0	0	0	0	0",冰霜冲击：冰缚 对目标造成[(SkillNum_NumPic){120}][~SkillNum_SymbolPic~]魔法伤害，并减缓其移动速度，持续[(SkillNum_NumPic){5}]秒。 \n使用元素之核，可将该技能提升至巅峰等级。,
"53060040	5306	177	冰霜冲击：冰缚	1	1	0	4	4	0	0	30130	0	100	5	12	17	0	0	0	0	0	0	0	0	0	0	0	0	0	0	0	0	0	0	0	0	0	0	0	0	0	0	1	475	0	对目标造成[(SkillNum_NumPic){130}][~SkillNum_SymbolPic~]魔法伤害，并减缓其移动速度，持续[(SkillNum_NumPic){5}]秒。	NULL	NULL	frozen_field1	Skill_Magician_IceImpact_01	190	frozenfield1_act	FX_Magic_Impact_Ice	NULL	NULL	0	0	0	0	0	NULL	0	0	0	0	4096	0	0	0	0	0	0	0	0	5307	0	0	0	0	0	0	0	0	5300	NULL	0	0	0	0	NULL	NULL	0	0	0	0	2	0	0	NULL	0	0	0	NULL	0	0	0	0	0	0	0	0	0	0	0	0	0	0	0	0	0	0	0	0	1	0	0	0	0	0",冰霜冲击：冰缚 对目标造成[(SkillNum_NumPic){130}][~SkillNum_SymbolPic~]魔法伤害，并减缓其移动速度，持续[(SkillNum_NumPic){5}]秒。,
"53070000	5307	178	冰霜冲击：冰冻	1	1	0	4	0	0	0	30110	0	100	0	12	17	0	0	5000	93	0	0	0	0	0	0	0	0	0	0	0	0	0	0	0	0	0	0	0	0	0	0	1	476	93	对目标造成[(SkillNum_NumPic){110}][~SkillNum_SymbolPic~]魔法伤害。	NULL	NULL	frozen_field2	Skill_Magician_IceImpact_02	220	frozenfield2_act	FX_Magic_Impact_Ice	NULL	NULL	0	0	0	0	0	NULL	0	0	0	0	4096	0	0	0	0	0	0	0	0	5308	0	0	0	0	0	0	0	0	5300	NULL	0	0	0	0	NULL	NULL	0	0	0	0	2	0	0	NULL	0	0	0	NULL	0	0	0	0	0	0	0	0	0	0	0	0	0	0	0	0	0	0	0	0	1	0	0	0	0	0",冰霜冲击：冰冻 对目标造成[(SkillNum_NumPic){110}][~SkillNum_SymbolPic~]魔法伤害。,
"53070010	5307	178	冰霜冲击：冰冻	1	1	0	4	1	0	0	30120	0	100	0	12	17	0	0	10000	101	0	0	0	0	0	0	0	0	0	0	0	0	0	0	0	0	0	0	0	0	0	0	1	476	101	对目标造成[(SkillNum_NumPic){120}][~SkillNum_SymbolPic~]魔法伤害。	NULL	NULL	frozen_field2	Skill_Magician_IceImpact_02	220	frozenfield2_act	FX_Magic_Impact_Ice	NULL	NULL	0	0	0	0	0	NULL	0	0	0	0	4096	0	0	0	0	0	0	0	0	5308	0	0	0	0	0	0	0	0	5300	NULL	0	0	0	0	NULL	NULL	0	0	0	0	2	0	0	NULL	0	0	0	NULL	0	0	0	0	0	0	0	0	0	0	0	0	0	0	0	0	0	0	0	0	1	0	0	0	0	0",冰霜冲击：冰冻 对目标造成[(SkillNum_NumPic){120}][~SkillNum_SymbolPic~]魔法伤害。,
"53070020	5307	178	冰霜冲击：冰冻	1	1	0	4	2	0	0	30130	0	100	5	12	17	0	0	15000	109	0	0	0	0	0	0	0	0	0	0	0	0	0	0	0	0	0	0	0	0	0	0	1	476	109	对目标造成[(SkillNum_NumPic){130}][~SkillNum_SymbolPic~]魔法伤害，并减缓其攻击速度，持续[(SkillNum_NumPic){5}]秒。	NULL	NULL	frozen_field2	Skill_Magician_IceImpact_02	220	frozenfield2_act	FX_Magic_Impact_Ice	NULL	NULL	0	0	0	0	0	NULL	0	0	0	0	4096	0	0	0	0	0	0	0	0	5308	0	0	0	0	0	0	0	0	5300	NULL	0	0	0	0	NULL	NULL	0	0	0	0	2	0	0	NULL	0	0	0	NULL	0	0	0	0	0	0	0	0	0	0	0	0	0	0	0	0	0	0	0	0	1	0	0	0	0	0",冰霜冲击：冰冻 对目标造成[(SkillNum_NumPic){130}][~SkillNum_SymbolPic~]魔法伤害，并减缓其攻击速度，持续[(SkillNum_NumPic){5}]秒。,
"53070030	5307	178	冰霜冲击：冰冻	1	1	0	4	3	0	0	30140	0	100	5	12	17	0	0	0	117	0	0	0	0	0	0	0	0	0	0	0	0	0	0	0	0	0	0	0	0	0	0	1	476	117	对目标造成[(SkillNum_NumPic){140}][~SkillNum_SymbolPic~]魔法伤害，并减缓其攻击速度，持续[(SkillNum_NumPic){5}]秒。	NULL	NULL	frozen_field2	Skill_Magician_IceImpact_02	220	frozenfield2_act	FX_Magic_Impact_Ice	NULL	NULL	0	0	0	0	0	NULL	0	0	0	0	4096	0	0	0	0	0	0	0	0	5308	0	0	0	0	0	0	0	0	5300	\n使用元素之核，可将该技能提升至巅峰等级。	0	0	0	0	NULL	NULL	0	0	0	0	2	0	0	NULL	0	0	0	NULL	0	0	0	0	0	0	0	0	0	0	0	0	0	0	0	0	0	0	0	0	1	0	0	0	0	0",冰霜冲击：冰冻 对目标造成[(SkillNum_NumPic){140}][~SkillNum_SymbolPic~]魔法伤害，并减缓其攻击速度，持续[(SkillNum_NumPic){5}]秒。 \n使用元素之核，可将该技能提升至巅峰等级。,
"53070040	5307	178	冰霜冲击：冰冻	1	1	0	4	4	0	0	30150	0	100	5	12	17	0	0	0	0	0	0	0	0	0	0	0	0	0	0	0	0	0	0	0	0	0	0	0	0	0	0	1	476	0	对目标造成[(SkillNum_NumPic){150}][~SkillNum_SymbolPic~]魔法伤害，并减缓其攻击速度，持续[(SkillNum_NumPic){5}]秒。	NULL	NULL	frozen_field2	Skill_Magician_IceImpact_02	220	frozenfield2_act	FX_Magic_Impact_Ice	NULL	NULL	0	0	0	0	0	NULL	0	0	0	0	4096	0	0	0	0	0	0	0	0	5308	0	0	0	0	0	0	0	0	5300	NULL	0	0	0	0	NULL	NULL	0	0	0	0	2	0	0	NULL	0	0	0	NULL	0	0	0	0	0	0	0	0	0	0	0	0	0	0	0	0	0	0	0	0	1	0	0	0	0	0",冰霜冲击：冰冻 对目标造成[(SkillNum_NumPic){150}][~SkillNum_SymbolPic~]魔法伤害，并减缓其攻击速度，持续[(SkillNum_NumPic){5}]秒。,
"53080000	5308	179	冰霜冲击：冰封	1	1	0	4	0	0	0	30120	0	100	0	12	17	0	0	5000	93	0	0	0	0	0	0	0	0	0	0	0	0	0	0	0	0	0	0	0	0	0	0	1	477	93	对目标造成[(SkillNum_NumPic){120}][~SkillNum_SymbolPic~]魔法伤害。	NULL	NULL	frozen_field3	Skill_Magician_IceImpact_03	130	frozenfield3_act	FX_Magic_Impact_Ice	NULL	NULL	0	0	0	0	0	NULL	0	0	0	0	4096	0	0	0	0	0	0	0	0	0	0	0	0	0	0	0	0	0	5300	NULL	0	0	0	0	NULL	NULL	0	0	0	0	2	0	0	NULL	0	0	0	NULL	0	0	0	0	0	0	0	0	0	0	0	0	0	0	0	0	0	0	0	0	1	0	0	0	0	0",冰霜冲击：冰封 对目标造成[(SkillNum_NumPic){120}][~SkillNum_SymbolPic~]魔法伤害。,
"53080010	5308	179	冰霜冲击：冰封	1	1	0	4	1	0	0	30130	0	100	0	12	17	0	0	10000	101	0	0	0	0	0	0	0	0	0	0	0	0	0	0	0	0	0	0	0	0	0	0	1	477	101	对目标造成[(SkillNum_NumPic){130}][~SkillNum_SymbolPic~]魔法伤害。	NULL	NULL	frozen_field3	Skill_Magician_IceImpact_03	130	frozenfield3_act	FX_Magic_Impact_Ice	NULL	NULL	0	0	0	0	0	NULL	0	0	0	0	4096	0	0	0	0	0	0	0	0	0	0	0	0	0	0	0	0	0	5300	NULL	0	0	0	0	NULL	NULL	0	0	0	0	2	0	0	NULL	0	0	0	NULL	0	0	0	0	0	0	0	0	0	0	0	0	0	0	0	0	0	0	0	0	1	0	0	0	0	0",冰霜冲击：冰封 对目标造成[(SkillNum_NumPic){130}][~SkillNum_SymbolPic~]魔法伤害。,
"53080020	5308	179	冰霜冲击：冰封	1	1	0	4	2	0	0	30140	0	100	0	12	17	0	0	15000	109	0	0	0	0	0	0	0	0	0	0	0	0	0	0	0	0	0	0	0	0	0	0	1	477	109	对目标造成[(SkillNum_NumPic){140}][~SkillNum_SymbolPic~]魔法伤害。	NULL	NULL	frozen_field3	Skill_Magician_IceImpact_03	130	frozenfield3_act	FX_Magic_Impact_Ice	NULL	NULL	0	0	0	0	0	NULL	0	0	0	0	4096	0	0	0	0	0	0	0	0	0	0	0	0	0	0	0	0	0	5300	NULL	0	0	0	0	NULL	NULL	0	0	0	0	2	0	0	NULL	0	0	0	NULL	0	0	0	0	0	0	0	0	0	0	0	0	0	0	0	0	0	0	0	0	1	0	0	0	0	0",冰霜冲击：冰封 对目标造成[(SkillNum_NumPic){140}][~SkillNum_SymbolPic~]魔法伤害。,
"53080030	5308	179	冰霜冲击：冰封	1	1	0	4	3	0	0	30150	0	100	0	12	17	0	0	0	117	0	0	0	0	0	0	0	0	0	0	0	0	0	0	0	0	0	0	0	0	0	0	1	477	117	对目标造成[(SkillNum_NumPic){150}][~SkillNum_SymbolPic~]魔法伤害。	NULL	NULL	frozen_field3	Skill_Magician_IceImpact_03	130	frozenfield3_act	FX_Magic_Impact_Ice	NULL	NULL	0	0	0	0	0	NULL	0	0	0	0	4096	0	0	0	0	0	0	0	0	0	0	0	0	0	0	0	0	0	5300	\n使用元素之核，可将该技能提升至巅峰等级。	0	0	0	0	NULL	NULL	0	0	0	0	2	0	0	NULL	0	0	0	NULL	0	0	0	0	0	0	0	0	0	0	0	0	0	0	0	0	0	0	0	0	1	0	0	0	0	0",冰霜冲击：冰封 对目标造成[(SkillNum_NumPic){150}][~SkillNum_SymbolPic~]魔法伤害。 \n使用元素之核，可将该技能提升至巅峰等级。,
"53080040	5308	179	冰霜冲击：冰封	1	1	0	4	4	0	0	30160	0	100	3	12	17	0	0	0	0	0	0	0	0	0	0	0	0	0	0	0	0	0	0	0	0	0	0	0	0	0	0	1	477	0	对目标造成[(SkillNum_NumPic){160}][~SkillNum_SymbolPic~]魔法伤害，并使其冻结，持续[(SkillNum_NumPic){3}]秒。	NULL	NULL	frozen_field3	Skill_Magician_IceImpact_03	130	frozenfield3_act	FX_Magic_Impact_Ice	NULL	NULL	0	0	0	0	0	NULL	0	0	0	0	4096	0	0	0	0	0	0	0	0	0	0	0	0	0	0	0	0	0	5300	NULL	0	0	0	0	NULL	NULL	0	0	0	0	2	0	0	NULL	0	0	0	NULL	0	0	0	0	0	0	0	0	0	0	0	0	0	0	0	0	0	0	0	0	1	0	0	0	0	0",冰霜冲击：冰封 对目标造成[(SkillNum_NumPic){160}][~SkillNum_SymbolPic~]魔法伤害，并使其冻结，持续[(SkillNum_NumPic){3}]秒。,
"59000000	5900	0	魔龙焚世	0	0	0	0	0	0	0	0	0	0	0	0	0	0	0	0	0	0	0	0	0	0	0	0	0	0	0	0	0	0	0	0	0	0	0	0	0	0	0	3	0	0	0	0	0	0	0	0	0	0	0	0	0	0	0	0	0	0	0	0	0	0	0	0	0	0	0	0	0	0	0	0	0	0	0	0	0	0	0	0	0	0	0	0	0	0	0	0	0	0	0	0	0	0	0	0	0	0	0	0	0	0	0	0	0	0	0	0	0	0	0	0	0	0	0	0	0	0	0	0	1	0	0	0	0	0",魔龙焚世,
"59360000	5936	0	魔龙焚世・破军	0	0	0	0	0	0	0	0	0	0	0	0	0	0	0	0	0	0	0	0	0	0	0	0	0	0	0	0	0	0	0	0	0	0	0	0	0	0	0	3	0	0	0	0	0	0	0	0	0	0	0	0	0	0	0	0	0	0	0	0	0	0	0	0	0	0	0	0	0	0	0	0	0	0	0	0	0	0	0	0	0	0	0	0	0	0	0	0	0	0	0	0	0	0	0	0	0	0	0	0	0	0	0	0	0	0	0	0	0	0	0	0	0	0	0	0	0	0	0	0	1	0	0	0	0	0",魔龙焚世・破军,
"171000000	17100	350	斗转星移子攻击	0	0	0	0	0	0	0	31045	0	100	300	1	27	1181	0	0	0	0	0	0	0	0	1	20	4	20	0	0	1	50	0	0	0	0	0	0	0	0	0	3	350	20	使用条件：星能≥50点\n星辰神子每秒消耗[@15-15@]点星能，释放的战意令天河斗转星移，形成带有星辰神罚的旋涡，对周围随机4个敌人造成[@1045+21@]%魔法伤害，每个敌人每秒只能受到一次伤害，直至星能耗尽。当星罚旋涡击杀其他勇士时，神子将回复20点星能。\n[/0X00ff00]（已领悟神性天赋・聚能）	NULL	NULL	NULL	NULL	0	NULL	NULL	NULL	NULL	0	0	0	0	0	NULL	0	0	0	0	0	15	0	0	0	0	0	0	0	0	1	0	0	0	0	0	0	0	0	NULL	0	0	0	0	NULL	NULL	0	0	0	0	2	0	0	NULL	0	0	0	NULL	17100	0	0	0	0	0	0	0	0	0	0	0	0	0	0	0	0	0	0	0	1	0	0	0	0	0",斗转星移子攻击 使用条件：星能≥50点\n星辰神子每秒消耗[@15-15@]点星能，释放的战意令天河斗转星移，形成带有星辰神罚的旋涡，对周围随机4个敌人造成[@1045+21@]%魔法伤害，每个敌人每秒只能受到一次伤害，直至星能耗尽。当星罚旋涡击杀其他勇士时，神子将回复20点星能。\n[/0X00ff00]（已领悟神性天赋・聚能）,
"171100000	17110	350	斗转星移子技能	1	0	0	4	0	0	0	31095	0	100	300	1	27	1181	0	0	0	0	0	0	0	0	1	20	4	0	0	0	1	50	0	0	0	0	0	0	0	0	0	3	350	20	使用条件：星能≥50点\n星辰神子每秒消耗15点星能，释放的战意令天河斗转星移，形成带有星辰神罚的旋涡，对周围随机4个敌人造成1095%魔法伤害，每个敌人每秒只能受到一次伤害，直至星能耗尽或主动关闭。	NULL	NULL	NULL	NULL	0	NULL	NULL	NULL	NULL	0	0	0	0	0	NULL	0	0	0	0	0	15	0	0	0	0	0	0	0	0	1	0	0	0	0	0	0	0	0	NULL	0	0	0	0	NULL	NULL	0	0	0	0	2	0	0	NULL	0	0	0	NULL	17100	0	0	0	0	0	0	0	0	0	0	0	0	0	0	0	0	0	0	0	1	0	0	0	0	0",斗转星移子技能 使用条件：星能≥50点\n星辰神子每秒消耗15点星能，释放的战意令天河斗转星移，形成带有星辰神罚的旋涡，对周围随机4个敌人造成1095%魔法伤害，每个敌人每秒只能受到一次伤害，直至星能耗尽或主动关闭。,
"171360000	17136	350	斗转星移子技能	1	0	0	4	0	0	0	31045	0	100	300	1	27	1181	0	0	0	0	0	0	0	0	1	20	4	20	0	0	1	50	0	0	0	0	0	0	0	0	0	3	350	20	使用条件：星能≥50点\n星辰神子每秒消耗[@15-15@]点星能，释放的战意令天河斗转星移，形成带有星辰神罚的旋涡，对周围随机4个敌人造成[@1045+21@]%魔法伤害，每个敌人每秒只能受到一次伤害，直至星能耗尽。当星罚旋涡击杀其他勇士时，神子将回复20点星能。\n[/0X00ff00]（已领悟神性天赋・聚能）	NULL	NULL	NULL	NULL	0	NULL	NULL	NULL	NULL	0	0	0	0	0	NULL	0	0	0	0	0	15	0	0	0	0	0	0	0	0	1	0	0	0	0	0	0	0	0	NULL	0	0	0	0	NULL	NULL	0	0	0	0	2	0	0	NULL	0	0	0	NULL	17100	0	0	0	0	0	0	0	0	0	0	0	0	0	0	0	0	0	0	0	1	0	0	0	0	0",斗转星移子技能 使用条件：星能≥50点\n星辰神子每秒消耗[@15-15@]点星能，释放的战意令天河斗转星移，形成带有星辰神罚的旋涡，对周围随机4个敌人造成[@1045+21@]%魔法伤害，每个敌人每秒只能受到一次伤害，直至星能耗尽。当星罚旋涡击杀其他勇士时，神子将回复20点星能。\n[/0X00ff00]（已领悟神性天赋・聚能）,
"181000000	18100	350	上古・斗转星移子技能	1	0	0	4	0	0	0	31175	0	100	300	1	27	1181	0	0	0	0	0	0	0	0	1	20	4	0	417	1	1	50	0	0	0	0	0	0	0	0	0	3	350	20	使用条件：星能≥50点\n星辰神子每秒消耗[@15-15@]点星能，释放的战意令天河斗转星移，形成带有星辰神罚的旋涡，对周围随机4个敌人造成[@1175+21@]%魔法伤害并眩晕敌人，每个敌人每秒只能受到一次伤害，直至星能耗尽。	NULL	NULL	NULL	NULL	0	NULL	NULL	NULL	NULL	0	0	0	0	0	NULL	0	0	0	0	0	15	0	0	0	0	0	0	0	0	1	0	0	0	0	0	0	0	0	NULL	0	0	0	0	NULL	NULL	0	0	0	0	2	0	0	NULL	0	0	0	NULL	17100	0	0	0	0	0	0	0	1250	0	0	0	0	0	0	0	0	0	0	0	1	0	0	0	0	0",上古・斗转星移子技能 使用条件：星能≥50点\n星辰神子每秒消耗[@15-15@]点星能，释放的战意令天河斗转星移，形成带有星辰神罚的旋涡，对周围随机4个敌人造成[@1175+21@]%魔法伤害并眩晕敌人，每个敌人每秒只能受到一次伤害，直至星能耗尽。,
"181000010	18100	350	上古・斗转星移子技能	1	0	0	4	1	0	0	31240	0	100	300	1	27	1181	0	0	0	0	0	0	0	0	1	20	4	0	417	1	1	50	0	0	0	0	0	0	0	0	0	3	350	20	使用条件：星能≥50点\n星辰神子每秒消耗[@15-15@]点星能，释放的战意令天河斗转星移，形成带有星辰神罚的旋涡，对周围随机4个敌人造成[@1240+21@]%魔法伤害并眩晕敌人，每个敌人每秒只能受到一次伤害，直至星能耗尽。	NULL	NULL	NULL	NULL	0	NULL	NULL	NULL	NULL	0	0	0	0	0	NULL	0	0	0	0	0	15	0	0	0	0	0	0	0	0	1	0	0	0	0	0	0	0	0	NULL	0	0	0	0	NULL	NULL	0	0	0	0	2	0	0	NULL	0	0	0	NULL	17100	0	0	0	0	0	0	0	2250	0	0	0	0	0	0	0	0	0	0	0	1	0	0	0	0	0",上古・斗转星移子技能 使用条件：星能≥50点\n星辰神子每秒消耗[@15-15@]点星能，释放的战意令天河斗转星移，形成带有星辰神罚的旋涡，对周围随机4个敌人造成[@1240+21@]%魔法伤害并眩晕敌人，每个敌人每秒只能受到一次伤害，直至星能耗尽。,
"181000020	18100	350	上古・斗转星移子技能	1	0	0	4	2	0	0	31305	0	100	300	1	27	1181	0	0	0	0	0	0	0	0	1	20	4	0	417	1	1	50	0	0	0	0	0	0	0	0	0	3	350	20	使用条件：星能≥50点\n星辰神子每秒消耗[@15-15@]点星能，释放的战意令天河斗转星移，形成带有星辰神罚的旋涡，对周围随机4个敌人造成[@1305+21@]%魔法伤害并眩晕敌人，每个敌人每秒只能受到一次伤害，直至星能耗尽。	NULL	NULL	NULL	NULL	0	NULL	NULL	NULL	NULL	0	0	0	0	0	NULL	0	0	0	0	0	15	0	0	0	0	0	0	0	0	1	0	0	0	0	0	0	0	0	NULL	0	0	0	0	NULL	NULL	0	0	0	0	2	0	0	NULL	0	0	0	NULL	17100	0	0	0	0	0	0	0	3250	0	0	0	0	0	0	0	0	0	0	0	1	0	0	0	0	0",上古・斗转星移子技能 使用条件：星能≥50点\n星辰神子每秒消耗[@15-15@]点星能，释放的战意令天河斗转星移，形成带有星辰神罚的旋涡，对周围随机4个敌人造成[@1305+21@]%魔法伤害并眩晕敌人，每个敌人每秒只能受到一次伤害，直至星能耗尽。,
"181000030	18100	350	上古・斗转星移子技能	1	0	0	4	3	0	0	31370	0	100	300	1	27	1181	0	0	0	0	0	0	0	0	1	20	4	0	417	1	1	50	0	0	0	0	0	0	0	0	0	3	350	20	使用条件：星能≥50点\n星辰神子每秒消耗[@15-15@]点星能，释放的战意令天河斗转星移，形成带有星辰神罚的旋涡，对周围随机4个敌人造成[@1370+21@]%魔法伤害并眩晕敌人，每个敌人每秒只能受到一次伤害，直至星能耗尽。	NULL	NULL	NULL	NULL	0	NULL	NULL	NULL	NULL	0	0	0	0	0	NULL	0	0	0	0	0	15	0	0	0	0	0	0	0	0	1	0	0	0	0	0	0	0	0	NULL	0	0	0	0	NULL	NULL	0	0	0	0	2	0	0	NULL	0	0	0	NULL	17100	0	0	0	0	0	0	0	5250	0	0	0	0	0	0	0	0	0	0	0	1	0	0	0	0	0",上古・斗转星移子技能 使用条件：星能≥50点\n星辰神子每秒消耗[@15-15@]点星能，释放的战意令天河斗转星移，形成带有星辰神罚的旋涡，对周围随机4个敌人造成[@1370+21@]%魔法伤害并眩晕敌人，每个敌人每秒只能受到一次伤害，直至星能耗尽。,
"181000040	18100	350	上古・斗转星移子技能	1	0	0	4	4	0	0	31435	0	100	300	1	27	1181	0	0	0	0	0	0	0	0	1	20	4	0	417	1	1	50	0	0	0	0	0	0	0	0	0	3	350	20	使用条件：星能≥50点\n星辰神子每秒消耗[@15-15@]点星能，释放的战意令天河斗转星移，形成带有星辰神罚的旋涡，对周围随机4个敌人造成[@1435+21@]%魔法伤害并眩晕敌人，每个敌人每秒只能受到一次伤害，直至星能耗尽。	NULL	NULL	NULL	NULL	0	NULL	NULL	NULL	NULL	0	0	0	0	0	NULL	0	0	0	0	0	15	0	0	0	0	0	0	0	0	1	0	0	0	0	0	0	0	0	NULL	0	0	0	0	NULL	NULL	0	0	0	0	2	0	0	NULL	0	0	0	NULL	17100	0	0	0	0	0	0	0	0	0	0	0	0	0	0	0	0	0	0	0	1	0	0	0	0	0",上古・斗转星移子技能 使用条件：星能≥50点\n星辰神子每秒消耗[@15-15@]点星能，释放的战意令天河斗转星移，形成带有星辰神罚的旋涡，对周围随机4个敌人造成[@1435+21@]%魔法伤害并眩晕敌人，每个敌人每秒只能受到一次伤害，直至星能耗尽。,
"181360000	18136	350	上古・斗转星移子技能	1	0	0	4	0	0	0	31175	0	100	300	1	27	1181	0	0	0	0	0	0	0	0	1	20	4	20	417	1	1	50	0	0	0	0	0	0	0	0	0	3	350	20	使用条件：星能≥50点\n星辰神子每秒消耗[@15-15@]点星能，释放的战意令天河斗转星移，形成带有星辰神罚的旋涡，对周围随机4个敌人造成[@1175+21@]%魔法伤害并眩晕敌人，每个敌人每秒只能受到一次伤害，直至星能耗尽。当星罚旋涡击杀其他勇士时，神子将回复20点星能。\n[/0X00ff00]（已领悟神性天赋・聚能）	NULL	NULL	NULL	NULL	0	NULL	NULL	NULL	NULL	0	0	0	0	0	NULL	0	0	0	0	0	15	0	0	0	0	0	0	0	0	1	0	0	0	0	0	0	0	0	NULL	0	0	0	0	NULL	NULL	0	0	0	0	2	0	0	NULL	0	0	0	NULL	17100	0	0	0	0	0	0	0	1250	0	0	0	0	0	0	0	0	0	0	0	1	0	0	0	0	0",上古・斗转星移子技能 使用条件：星能≥50点\n星辰神子每秒消耗[@15-15@]点星能，释放的战意令天河斗转星移，形成带有星辰神罚的旋涡，对周围随机4个敌人造成[@1175+21@]%魔法伤害并眩晕敌人，每个敌人每秒只能受到一次伤害，直至星能耗尽。当星罚旋涡击杀其他勇士时，神子将回复20点星能。\n[/0X00ff00]（已领悟神性天赋・聚能）,
"181360010	18136	350	上古・斗转星移子技能	1	0	0	4	1	0	0	31240	0	100	300	1	27	1181	0	0	0	0	0	0	0	0	1	20	4	20	417	1	1	50	0	0	0	0	0	0	0	0	0	3	350	20	使用条件：星能≥50点\n星辰神子每秒消耗[@15-15@]点星能，释放的战意令天河斗转星移，形成带有星辰神罚的旋涡，对周围随机4个敌人造成[@1240+21@]%魔法伤害并眩晕敌人，每个敌人每秒只能受到一次伤害，直至星能耗尽。当星罚旋涡击杀其他勇士时，神子将回复20点星能。\n[/0X00ff00]（已领悟神性天赋・聚能）	NULL	NULL	NULL	NULL	0	NULL	NULL	NULL	NULL	0	0	0	0	0	NULL	0	0	0	0	0	15	0	0	0	0	0	0	0	0	1	0	0	0	0	0	0	0	0	NULL	0	0	0	0	NULL	NULL	0	0	0	0	2	0	0	NULL	0	0	0	NULL	17100	0	0	0	0	0	0	0	2250	0	0	0	0	0	0	0	0	0	0	0	1	0	0	0	0	0",上古・斗转星移子技能 使用条件：星能≥50点\n星辰神子每秒消耗[@15-15@]点星能，释放的战意令天河斗转星移，形成带有星辰神罚的旋涡，对周围随机4个敌人造成[@1240+21@]%魔法伤害并眩晕敌人，每个敌人每秒只能受到一次伤害，直至星能耗尽。当星罚旋涡击杀其他勇士时，神子将回复20点星能。\n[/0X00ff00]（已领悟神性天赋・聚能）,
"181360020	18136	350	上古・斗转星移子技能	1	0	0	4	2	0	0	31305	0	100	300	1	27	1181	0	0	0	0	0	0	0	0	1	20	4	20	417	1	1	50	0	0	0	0	0	0	0	0	0	3	350	20	使用条件：星能≥50点\n星辰神子每秒消耗[@15-15@]点星能，释放的战意令天河斗转星移，形成带有星辰神罚的旋涡，对周围随机4个敌人造成[@1305+21@]%魔法伤害并眩晕敌人，每个敌人每秒只能受到一次伤害，直至星能耗尽。当星罚旋涡击杀其他勇士时，神子将回复20点星能。\n[/0X00ff00]（已领悟神性天赋・聚能）	NULL	NULL	NULL	NULL	0	NULL	NULL	NULL	NULL	0	0	0	0	0	NULL	0	0	0	0	0	15	0	0	0	0	0	0	0	0	1	0	0	0	0	0	0	0	0	NULL	0	0	0	0	NULL	NULL	0	0	0	0	2	0	0	NULL	0	0	0	NULL	17100	0	0	0	0	0	0	0	3250	0	0	0	0	0	0	0	0	0	0	0	1	0	0	0	0	0",上古・斗转星移子技能 使用条件：星能≥50点\n星辰神子每秒消耗[@15-15@]点星能，释放的战意令天河斗转星移，形成带有星辰神罚的旋涡，对周围随机4个敌人造成[@1305+21@]%魔法伤害并眩晕敌人，每个敌人每秒只能受到一次伤害，直至星能耗尽。当星罚旋涡击杀其他勇士时，神子将回复20点星能。\n[/0X00ff00]（已领悟神性天赋・聚能）,
"181360030	18136	350	上古・斗转星移子技能	1	0	0	4	3	0	0	31370	0	100	300	1	27	1181	0	0	0	0	0	0	0	0	1	20	4	20	417	1	1	50	0	0	0	0	0	0	0	0	0	3	350	20	使用条件：星能≥50点\n星辰神子每秒消耗[@15-15@]点星能，释放的战意令天河斗转星移，形成带有星辰神罚的旋涡，对周围随机4个敌人造成[@1370+21@]%魔法伤害并眩晕敌人，每个敌人每秒只能受到一次伤害，直至星能耗尽。当星罚旋涡击杀其他勇士时，神子将回复20点星能。\n[/0X00ff00]（已领悟神性天赋・聚能）	NULL	NULL	NULL	NULL	0	NULL	NULL	NULL	NULL	0	0	0	0	0	NULL	0	0	0	0	0	15	0	0	0	0	0	0	0	0	1	0	0	0	0	0	0	0	0	NULL	0	0	0	0	NULL	NULL	0	0	0	0	2	0	0	NULL	0	0	0	NULL	17100	0	0	0	0	0	0	0	5250	0	0	0	0	0	0	0	0	0	0	0	1	0	0	0	0	0",上古・斗转星移子技能 使用条件：星能≥50点\n星辰神子每秒消耗[@15-15@]点星能，释放的战意令天河斗转星移，形成带有星辰神罚的旋涡，对周围随机4个敌人造成[@1370+21@]%魔法伤害并眩晕敌人，每个敌人每秒只能受到一次伤害，直至星能耗尽。当星罚旋涡击杀其他勇士时，神子将回复20点星能。\n[/0X00ff00]（已领悟神性天赋・聚能）,
"181360040	18136	350	上古・斗转星移子技能	1	0	0	4	4	0	0	31435	0	100	300	1	27	1181	0	0	0	0	0	0	0	0	1	20	4	20	417	1	1	50	0	0	0	0	0	0	0	0	0	3	350	20	使用条件：星能≥50点\n星辰神子每秒消耗[@15-15@]点星能，释放的战意令天河斗转星移，形成带有星辰神罚的旋涡，对周围随机4个敌人造成[@1435+21@]%魔法伤害并眩晕敌人，每个敌人每秒只能受到一次伤害，直至星能耗尽。当星罚旋涡击杀其他勇士时，神子将回复20点星能。\n[/0X00ff00]（已领悟神性天赋・聚能）	NULL	NULL	NULL	NULL	0	NULL	NULL	NULL	NULL	0	0	0	0	0	NULL	0	0	0	0	0	15	0	0	0	0	0	0	0	0	1	0	0	0	0	0	0	0	0	NULL	0	0	0	0	NULL	NULL	0	0	0	0	2	0	0	NULL	0	0	0	NULL	17100	0	0	0	0	0	0	0	0	0	0	0	0	0	0	0	0	0	0	0	1	0	0	0	0	0",上古・斗转星移子技能 使用条件：星能≥50点\n星辰神子每秒消耗[@15-15@]点星能，释放的战意令天河斗转星移，形成带有星辰神罚的旋涡，对周围随机4个敌人造成[@1435+21@]%魔法伤害并眩晕敌人，每个敌人每秒只能受到一次伤害，直至星能耗尽。当星罚旋涡击杀其他勇士时，神子将回复20点星能。\n[/0X00ff00]（已领悟神性天赋・聚能）,
"181720000	18172	350	上古・斗转星移子技能	1	0	0	4	0	0	0	31175	0	100	300	1	27	1181	0	0	0	0	0	0	0	0	1	20	4	0	417	1	1	50	0	0	0	0	0	0	0	0	0	3	350	20	使用条件：星能[/0x00ff00]≥50[/0xffffff]点\n星辰神子每秒消耗[/0x00ff00][@15-15@][/0xffffff]点星能，释放的战意令天河斗转星移，形成带有星辰神罚的旋涡，对周围随机4个敌人造成[/0x00ff00][@1175+21@]%[/0xffffff]魔法伤害并眩晕敌人，每个敌人每秒只能受到一次伤害，直至星能耗尽。当星辰神子开启“星辰领域/神之星域”后，使用此技能，将赋予自身领域名为“神律”的律令。技能开启期间可随时关闭技能，同时律令也将失效。\n\n[/0x4169E1]神律[/0xffffff]：每位敌人首次进入与离开星辰领域/神之星域会受到[/0x00ff00]600%[/0xffffff]伤害并束缚[/0x00ff00]3[/0xffffff]秒，当领域消失则失效。\n[/0X00ff00]（已领悟神性天赋・神律）[/0xffffff]	NULL	NULL	NULL	NULL	0	NULL	NULL	NULL	NULL	0	0	0	0	0	NULL	0	0	0	0	0	15	0	0	0	0	0	0	0	0	1	0	0	0	0	0	0	0	0	NULL	0	0	0	0	NULL	NULL	0	0	0	0	2	0	0	NULL	0	0	0	NULL	17100	0	0	0	0	0	0	0	1250	0	0	0	0	0	0	15	10000003	30600	0	0	1	0	0	0	0	0",上古・斗转星移子技能 使用条件：星能[/0x00ff00]≥50[/0xffffff]点\n星辰神子每秒消耗[/0x00ff00][@15-15@][/0xffffff]点星能，释放的战意令天河斗转星移，形成带有星辰神罚的旋涡，对周围随机4个敌人造成[/0x00ff00][@1175+21@]%[/0xffffff]魔法伤害并眩晕敌人，每个敌人每秒只能受到一次伤害，直至星能耗尽。当星辰神子开启“星辰领域/神之星域”后，使用此技能，将赋予自身领域名为“神律”的律令。技能开启期间可随时关闭技能，同时律令也将失效。\n\n[/0x4169E1]神律[/0xffffff]：每位敌人首次进入与离开星辰领域/神之星域会受到[/0x00ff00]600%[/0xffffff]伤害并束缚[/0x00ff00]3[/0xffffff]秒，当领域消失则失效。\n[/0X00ff00]（已领悟神性天赋・神律）[/0xffffff],
"181720010	18172	350	上古・斗转星移子技能	1	0	0	4	1	0	0	31240	0	100	300	1	27	1181	0	0	0	0	0	0	0	0	1	20	4	0	417	1	1	50	0	0	0	0	0	0	0	0	0	3	350	20	使用条件：星能[/0x00ff00]≥50[/0xffffff]点\n星辰神子每秒消耗[/0x00ff00][@15-15@][/0xffffff]点星能，释放的战意令天河斗转星移，形成带有星辰神罚的旋涡，对周围随机4个敌人造成[/0x00ff00][@1240+21@]%[/0xffffff]魔法伤害并眩晕敌人，每个敌人每秒只能受到一次伤害，直至星能耗尽。当星辰神子开启“星辰领域/神之星域”后，使用此技能，将赋予自身领域名为“神律”的律令。技能开启期间可随时关闭技能，同时律令也将失效。\n\n[/0x4169E1]神律[/0xffffff]：每位敌人首次进入与离开星辰领域/神之星域会受到[/0x00ff00]600%[/0xffffff]伤害并束缚[/0x00ff00]3[/0xffffff]秒，当领域消失则失效。\n[/0X00ff00]（已领悟神性天赋・神律）[/0xffffff]	NULL	NULL	NULL	NULL	0	NULL	NULL	NULL	NULL	0	0	0	0	0	NULL	0	0	0	0	0	15	0	0	0	0	0	0	0	0	1	0	0	0	0	0	0	0	0	NULL	0	0	0	0	NULL	NULL	0	0	0	0	2	0	0	NULL	0	0	0	NULL	17100	0	0	0	0	0	0	0	2250	0	0	0	0	0	0	15	10000003	30600	0	0	1	0	0	0	0	0",上古・斗转星移子技能 使用条件：星能[/0x00ff00]≥50[/0xffffff]点\n星辰神子每秒消耗[/0x00ff00][@15-15@][/0xffffff]点星能，释放的战意令天河斗转星移，形成带有星辰神罚的旋涡，对周围随机4个敌人造成[/0x00ff00][@1240+21@]%[/0xffffff]魔法伤害并眩晕敌人，每个敌人每秒只能受到一次伤害，直至星能耗尽。当星辰神子开启“星辰领域/神之星域”后，使用此技能，将赋予自身领域名为“神律”的律令。技能开启期间可随时关闭技能，同时律令也将失效。\n\n[/0x4169E1]神律[/0xffffff]：每位敌人首次进入与离开星辰领域/神之星域会受到[/0x00ff00]600%[/0xffffff]伤害并束缚[/0x00ff00]3[/0xffffff]秒，当领域消失则失效。\n[/0X00ff00]（已领悟神性天赋・神律）[/0xffffff],
"181720020	18172	350	上古・斗转星移子技能	1	0	0	4	2	0	0	31305	0	100	300	1	27	1181	0	0	0	0	0	0	0	0	1	20	4	0	417	1	1	50	0	0	0	0	0	0	0	0	0	3	350	20	使用条件：星能[/0x00ff00]≥50[/0xffffff]点\n星辰神子每秒消耗[/0x00ff00][@15-15@][/0xffffff]点星能，释放的战意令天河斗转星移，形成带有星辰神罚的旋涡，对周围随机4个敌人造成[/0x00ff00][@1305+21@]%[/0xffffff]魔法伤害并眩晕敌人，每个敌人每秒只能受到一次伤害，直至星能耗尽。当星辰神子开启“星辰领域/神之星域”后，使用此技能，将赋予自身领域名为“神律”的律令。技能开启期间可随时关闭技能，同时律令也将失效。\n\n[/0x4169E1]神律[/0xffffff]：每位敌人首次进入与离开星辰领域/神之星域会受到[/0x00ff00]600%[/0xffffff]伤害并束缚[/0x00ff00]3[/0xffffff]秒，当领域消失则失效。\n[/0X00ff00]（已领悟神性天赋・神律）[/0xffffff]	NULL	NULL	NULL	NULL	0	NULL	NULL	NULL	NULL	0	0	0	0	0	NULL	0	0	0	0	0	15	0	0	0	0	0	0	0	0	1	0	0	0	0	0	0	0	0	NULL	0	0	0	0	NULL	NULL	0	0	0	0	2	0	0	NULL	0	0	0	NULL	17100	0	0	0	0	0	0	0	3250	0	0	0	0	0	0	15	10000003	30600	0	0	1	0	0	0	0	0",上古・斗转星移子技能 使用条件：星能[/0x00ff00]≥50[/0xffffff]点\n星辰神子每秒消耗[/0x00ff00][@15-15@][/0xffffff]点星能，释放的战意令天河斗转星移，形成带有星辰神罚的旋涡，对周围随机4个敌人造成[/0x00ff00][@1305+21@]%[/0xffffff]魔法伤害并眩晕敌人，每个敌人每秒只能受到一次伤害，直至星能耗尽。当星辰神子开启“星辰领域/神之星域”后，使用此技能，将赋予自身领域名为“神律”的律令。技能开启期间可随时关闭技能，同时律令也将失效。\n\n[/0x4169E1]神律[/0xffffff]：每位敌人首次进入与离开星辰领域/神之星域会受到[/0x00ff00]600%[/0xffffff]伤害并束缚[/0x00ff00]3[/0xffffff]秒，当领域消失则失效。\n[/0X00ff00]（已领悟神性天赋・神律）[/0xffffff],
"181720030	18172	350	上古・斗转星移子技能	1	0	0	4	3	0	0	31370	0	100	300	1	27	1181	0	0	0	0	0	0	0	0	1	20	4	0	417	1	1	50	0	0	0	0	0	0	0	0	0	3	350	20	使用条件：星能[/0x00ff00]≥50[/0xffffff]点\n星辰神子每秒消耗[/0x00ff00][@15-15@][/0xffffff]点星能，释放的战意令天河斗转星移，形成带有星辰神罚的旋涡，对周围随机4个敌人造成[/0x00ff00][@1370+21@]%[/0xffffff]魔法伤害并眩晕敌人，每个敌人每秒只能受到一次伤害，直至星能耗尽。当星辰神子开启“星辰领域/神之星域”后，使用此技能，将赋予自身领域名为“神律”的律令。技能开启期间可随时关闭技能，同时律令也将失效。\n\n[/0x4169E1]神律[/0xffffff]：每位敌人首次进入与离开星辰领域/神之星域会受到[/0x00ff00]600%[/0xffffff]伤害并束缚[/0x00ff00]3[/0xffffff]秒，当领域消失则失效。\n[/0X00ff00]（已领悟神性天赋・神律）[/0xffffff]	NULL	NULL	NULL	NULL	0	NULL	NULL	NULL	NULL	0	0	0	0	0	NULL	0	0	0	0	0	15	0	0	0	0	0	0	0	0	1	0	0	0	0	0	0	0	0	NULL	0	0	0	0	NULL	NULL	0	0	0	0	2	0	0	NULL	0	0	0	NULL	17100	0	0	0	0	0	0	0	5250	0	0	0	0	0	0	15	10000003	30600	0	0	1	0	0	0	0	0",上古・斗转星移子技能 使用条件：星能[/0x00ff00]≥50[/0xffffff]点\n星辰神子每秒消耗[/0x00ff00][@15-15@][/0xffffff]点星能，释放的战意令天河斗转星移，形成带有星辰神罚的旋涡，对周围随机4个敌人造成[/0x00ff00][@1370+21@]%[/0xffffff]魔法伤害并眩晕敌人，每个敌人每秒只能受到一次伤害，直至星能耗尽。当星辰神子开启“星辰领域/神之星域”后，使用此技能，将赋予自身领域名为“神律”的律令。技能开启期间可随时关闭技能，同时律令也将失效。\n\n[/0x4169E1]神律[/0xffffff]：每位敌人首次进入与离开星辰领域/神之星域会受到[/0x00ff00]600%[/0xffffff]伤害并束缚[/0x00ff00]3[/0xffffff]秒，当领域消失则失效。\n[/0X00ff00]（已领悟神性天赋・神律）[/0xffffff],
"181720040	18172	350	上古・斗转星移子技能	1	0	0	4	4	0	0	31435	0	100	300	1	27	1181	0	0	0	0	0	0	0	0	1	20	4	0	417	1	1	50	0	0	0	0	0	0	0	0	0	3	350	20	使用条件：星能[/0x00ff00]≥50[/0xffffff]点\n星辰神子每秒消耗[/0x00ff00][@15-15@][/0xffffff]点星能，释放的战意令天河斗转星移，形成带有星辰神罚的旋涡，对周围随机4个敌人造成[/0x00ff00][@1435+21@]%[/0xffffff]魔法伤害并眩晕敌人，每个敌人每秒只能受到一次伤害，直至星能耗尽。当星辰神子开启“星辰领域/神之星域”后，使用此技能，将赋予自身领域名为“神律”的律令。技能开启期间可随时关闭技能，同时律令也将失效。\n\n[/0x4169E1]神律[/0xffffff]：每位敌人首次进入与离开星辰领域/神之星域会受到[/0x00ff00]600%[/0xffffff]伤害并束缚[/0x00ff00]3[/0xffffff]秒，当领域消失则失效。\n[/0X00ff00]（已领悟神性天赋・神律）[/0xffffff]	NULL	NULL	NULL	NULL	0	NULL	NULL	NULL	NULL	0	0	0	0	0	NULL	0	0	0	0	0	15	0	0	0	0	0	0	0	0	1	0	0	0	0	0	0	0	0	NULL	0	0	0	0	NULL	NULL	0	0	0	0	2	0	0	NULL	0	0	0	NULL	17100	0	0	0	0	0	0	0	0	0	0	0	0	0	0	15	10000003	30600	0	0	1	0	0	0	0	0",上古・斗转星移子技能 使用条件：星能[/0x00ff00]≥50[/0xffffff]点\n星辰神子每秒消耗[/0x00ff00][@15-15@][/0xffffff]点星能，释放的战意令天河斗转星移，形成带有星辰神罚的旋涡，对周围随机4个敌人造成[/0x00ff00][@1435+21@]%[/0xffffff]魔法伤害并眩晕敌人，每个敌人每秒只能受到一次伤害，直至星能耗尽。当星辰神子开启“星辰领域/神之星域”后，使用此技能，将赋予自身领域名为“神律”的律令。技能开启期间可随时关闭技能，同时律令也将失效。\n\n[/0x4169E1]神律[/0xffffff]：每位敌人首次进入与离开星辰领域/神之星域会受到[/0x00ff00]600%[/0xffffff]伤害并束缚[/0x00ff00]3[/0xffffff]秒，当领域消失则失效。\n[/0X00ff00]（已领悟神性天赋・神律）[/0xffffff],
"181730000	18173	350	上古・斗转星移子技能	1	0	0	4	0	0	0	31175	0	100	300	1	27	1181	0	0	0	0	0	0	0	0	1	20	4	0	417	1	1	50	0	0	0	0	0	0	0	0	0	3	350	20	使用条件：星能[/0x00ff00]≥50[/0xffffff]点\n星辰神子每秒消耗[/0x00ff00][@15-15@][/0xffffff]点星能，释放的战意令天河斗转星移，形成带有星辰神罚的旋涡，对周围随机4个敌人造成[/0x00ff00][@1175+21@]%[/0xffffff]魔法伤害并眩晕敌人，每个敌人每秒只能受到一次伤害，直至星能耗尽。当星辰神子开启“星辰领域/神之星域”后，使用此技能，将赋予自身领域名为“神威”的律令。技能开启期间可随时关闭技能，同时律令也将失效。\n\n[/0x4169E1]神威[/0xffffff]：当星辰神子处于自身领域时，斗转星移所造成的伤害增加[/0x00ff00]800%[/0xffffff]，当神子离开领域或者领域消失则失效。\n[/0X00ff00]（已领悟神性天赋・神威）[/0xffffff]	NULL	NULL	NULL	NULL	0	NULL	NULL	NULL	NULL	0	0	0	0	0	NULL	0	0	0	0	0	15	0	0	0	0	0	0	0	0	1	0	0	0	0	0	0	0	0	NULL	0	0	0	0	NULL	NULL	0	0	0	0	2	0	0	NULL	0	0	0	NULL	17100	0	0	0	0	0	0	0	1250	0	0	0	0	0	0	15	0	1	30000800	0	1	0	0	0	0	0",上古・斗转星移子技能 使用条件：星能[/0x00ff00]≥50[/0xffffff]点\n星辰神子每秒消耗[/0x00ff00][@15-15@][/0xffffff]点星能，释放的战意令天河斗转星移，形成带有星辰神罚的旋涡，对周围随机4个敌人造成[/0x00ff00][@1175+21@]%[/0xffffff]魔法伤害并眩晕敌人，每个敌人每秒只能受到一次伤害，直至星能耗尽。当星辰神子开启“星辰领域/神之星域”后，使用此技能，将赋予自身领域名为“神威”的律令。技能开启期间可随时关闭技能，同时律令也将失效。\n\n[/0x4169E1]神威[/0xffffff]：当星辰神子处于自身领域时，斗转星移所造成的伤害增加[/0x00ff00]800%[/0xffffff]，当神子离开领域或者领域消失则失效。\n[/0X00ff00]（已领悟神性天赋・神威）[/0xffffff],
"181730010	18173	350	上古・斗转星移子技能	1	0	0	4	1	0	0	31240	0	100	300	1	27	1181	0	0	0	0	0	0	0	0	1	20	4	0	417	1	1	50	0	0	0	0	0	0	0	0	0	3	350	20	使用条件：星能[/0x00ff00]≥50[/0xffffff]点\n星辰神子每秒消耗[/0x00ff00][@15-15@][/0xffffff]点星能，释放的战意令天河斗转星移，形成带有星辰神罚的旋涡，对周围随机4个敌人造成[/0x00ff00][@11240+21@]%[/0xffffff]魔法伤害并眩晕敌人，每个敌人每秒只能受到一次伤害，直至星能耗尽。当星辰神子开启“星辰领域/神之星域”后，使用此技能，将赋予自身领域名为“神威”的律令。技能开启期间可随时关闭技能，同时律令也将失效。\n\n[/0x4169E1]神威[/0xffffff]：当星辰神子处于自身领域时，斗转星移所造成的伤害增加[/0x00ff00]800%[/0xffffff]，当神子离开领域或者领域消失则失效。\n[/0X00ff00]（已领悟神性天赋・神威）[/0xffffff]	NULL	NULL	NULL	NULL	0	NULL	NULL	NULL	NULL	0	0	0	0	0	NULL	0	0	0	0	0	15	0	0	0	0	0	0	0	0	1	0	0	0	0	0	0	0	0	NULL	0	0	0	0	NULL	NULL	0	0	0	0	2	0	0	NULL	0	0	0	NULL	17100	0	0	0	0	0	0	0	2250	0	0	0	0	0	0	15	0	1	30000800	0	1	0	0	0	0	0",上古・斗转星移子技能 使用条件：星能[/0x00ff00]≥50[/0xffffff]点\n星辰神子每秒消耗[/0x00ff00][@15-15@][/0xffffff]点星能，释放的战意令天河斗转星移，形成带有星辰神罚的旋涡，对周围随机4个敌人造成[/0x00ff00][@11240+21@]%[/0xffffff]魔法伤害并眩晕敌人，每个敌人每秒只能受到一次伤害，直至星能耗尽。当星辰神子开启“星辰领域/神之星域”后，使用此技能，将赋予自身领域名为“神威”的律令。技能开启期间可随时关闭技能，同时律令也将失效。\n\n[/0x4169E1]神威[/0xffffff]：当星辰神子处于自身领域时，斗转星移所造成的伤害增加[/0x00ff00]800%[/0xffffff]，当神子离开领域或者领域消失则失效。\n[/0X00ff00]（已领悟神性天赋・神威）[/0xffffff],
"181730020	18173	350	上古・斗转星移子技能	1	0	0	4	2	0	0	31305	0	100	300	1	27	1181	0	0	0	0	0	0	0	0	1	20	4	0	417	1	1	50	0	0	0	0	0	0	0	0	0	3	350	20	使用条件：星能[/0x00ff00]≥50[/0xffffff]点\n星辰神子每秒消耗[/0x00ff00][@15-15@][/0xffffff]点星能，释放的战意令天河斗转星移，形成带有星辰神罚的旋涡，对周围随机4个敌人造成[/0x00ff00][@1305+21@]%[/0xffffff]魔法伤害并眩晕敌人，每个敌人每秒只能受到一次伤害，直至星能耗尽。当星辰神子开启“星辰领域/神之星域”后，使用此技能，将赋予自身领域名为“神威”的律令。技能开启期间可随时关闭技能，同时律令也将失效。\n\n[/0x4169E1]神威[/0xffffff]：当星辰神子处于自身领域时，斗转星移所造成的伤害增加[/0x00ff00]800%[/0xffffff]，当神子离开领域或者领域消失则失效。\n[/0X00ff00]（已领悟神性天赋・神威）[/0xffffff]	NULL	NULL	NULL	NULL	0	NULL	NULL	NULL	NULL	0	0	0	0	0	NULL	0	0	0	0	0	15	0	0	0	0	0	0	0	0	1	0	0	0	0	0	0	0	0	NULL	0	0	0	0	NULL	NULL	0	0	0	0	2	0	0	NULL	0	0	0	NULL	17100	0	0	0	0	0	0	0	3250	0	0	0	0	0	0	15	0	1	30000800	0	1	0	0	0	0	0",上古・斗转星移子技能 使用条件：星能[/0x00ff00]≥50[/0xffffff]点\n星辰神子每秒消耗[/0x00ff00][@15-15@][/0xffffff]点星能，释放的战意令天河斗转星移，形成带有星辰神罚的旋涡，对周围随机4个敌人造成[/0x00ff00][@1305+21@]%[/0xffffff]魔法伤害并眩晕敌人，每个敌人每秒只能受到一次伤害，直至星能耗尽。当星辰神子开启“星辰领域/神之星域”后，使用此技能，将赋予自身领域名为“神威”的律令。技能开启期间可随时关闭技能，同时律令也将失效。\n\n[/0x4169E1]神威[/0xffffff]：当星辰神子处于自身领域时，斗转星移所造成的伤害增加[/0x00ff00]800%[/0xffffff]，当神子离开领域或者领域消失则失效。\n[/0X00ff00]（已领悟神性天赋・神威）[/0xffffff],
"181730030	18173	350	上古・斗转星移子技能	1	0	0	4	3	0	0	31370	0	100	300	1	27	1181	0	0	0	0	0	0	0	0	1	20	4	0	417	1	1	50	0	0	0	0	0	0	0	0	0	3	350	20	使用条件：星能[/0x00ff00]≥50[/0xffffff]点\n星辰神子每秒消耗[/0x00ff00][@15-15@][/0xffffff]点星能，释放的战意令天河斗转星移，形成带有星辰神罚的旋涡，对周围随机4个敌人造成[/0x00ff00][@1370+21@]%[/0xffffff]魔法伤害并眩晕敌人，每个敌人每秒只能受到一次伤害，直至星能耗尽。当星辰神子开启“星辰领域/神之星域”后，使用此技能，将赋予自身领域名为“神威”的律令。技能开启期间可随时关闭技能，同时律令也将失效。\n\n[/0x4169E1]神威[/0xffffff]：当星辰神子处于自身领域时，斗转星移所造成的伤害增加[/0x00ff00]800%[/0xffffff]，当神子离开领域或者领域消失则失效。\n[/0X00ff00]（已领悟神性天赋・神威）[/0xffffff]	NULL	NULL	NULL	NULL	0	NULL	NULL	NULL	NULL	0	0	0	0	0	NULL	0	0	0	0	0	15	0	0	0	0	0	0	0	0	1	0	0	0	0	0	0	0	0	NULL	0	0	0	0	NULL	NULL	0	0	0	0	2	0	0	NULL	0	0	0	NULL	17100	0	0	0	0	0	0	0	5250	0	0	0	0	0	0	15	0	1	30000800	0	1	0	0	0	0	0",上古・斗转星移子技能 使用条件：星能[/0x00ff00]≥50[/0xffffff]点\n星辰神子每秒消耗[/0x00ff00][@15-15@][/0xffffff]点星能，释放的战意令天河斗转星移，形成带有星辰神罚的旋涡，对周围随机4个敌人造成[/0x00ff00][@1370+21@]%[/0xffffff]魔法伤害并眩晕敌人，每个敌人每秒只能受到一次伤害，直至星能耗尽。当星辰神子开启“星辰领域/神之星域”后，使用此技能，将赋予自身领域名为“神威”的律令。技能开启期间可随时关闭技能，同时律令也将失效。\n\n[/0x4169E1]神威[/0xffffff]：当星辰神子处于自身领域时，斗转星移所造成的伤害增加[/0x00ff00]800%[/0xffffff]，当神子离开领域或者领域消失则失效。\n[/0X00ff00]（已领悟神性天赋・神威）[/0xffffff],
"181730040	18173	350	上古・斗转星移子技能	1	0	0	4	4	0	0	31435	0	100	300	1	27	1181	0	0	0	0	0	0	0	0	1	20	4	0	417	1	1	50	0	0	0	0	0	0	0	0	0	3	350	20	使用条件：星能[/0x00ff00]≥50[/0xffffff]点\n星辰神子每秒消耗[/0x00ff00][@15-15@][/0xffffff]点星能，释放的战意令天河斗转星移，形成带有星辰神罚的旋涡，对周围随机4个敌人造成[/0x00ff00][@1435+21@]%[/0xffffff]魔法伤害并眩晕敌人，每个敌人每秒只能受到一次伤害，直至星能耗尽。当星辰神子开启“星辰领域/神之星域”后，使用此技能，将赋予自身领域名为“神威”的律令。技能开启期间可随时关闭技能，同时律令也将失效。\n\n[/0x4169E1]神威[/0xffffff]：当星辰神子处于自身领域时，斗转星移所造成的伤害增加[/0x00ff00]800%[/0xffffff]，当神子离开领域或者领域消失则失效。\n[/0X00ff00]（已领悟神性天赋・神威）[/0xffffff]	NULL	NULL	NULL	NULL	0	NULL	NULL	NULL	NULL	0	0	0	0	0	NULL	0	0	0	0	0	15	0	0	0	0	0	0	0	0	1	0	0	0	0	0	0	0	0	NULL	0	0	0	0	NULL	NULL	0	0	0	0	2	0	0	NULL	0	0	0	NULL	17100	0	0	0	0	0	0	0	0	0	0	0	0	0	0	15	0	1	30000800	0	1	0	0	0	0	0",上古・斗转星移子技能 使用条件：星能[/0x00ff00]≥50[/0xffffff]点\n星辰神子每秒消耗[/0x00ff00][@15-15@][/0xffffff]点星能，释放的战意令天河斗转星移，形成带有星辰神罚的旋涡，对周围随机4个敌人造成[/0x00ff00][@1435+21@]%[/0xffffff]魔法伤害并眩晕敌人，每个敌人每秒只能受到一次伤害，直至星能耗尽。当星辰神子开启“星辰领域/神之星域”后，使用此技能，将赋予自身领域名为“神威”的律令。技能开启期间可随时关闭技能，同时律令也将失效。\n\n[/0x4169E1]神威[/0xffffff]：当星辰神子处于自身领域时，斗转星移所造成的伤害增加[/0x00ff00]800%[/0xffffff]，当神子离开领域或者领域消失则失效。\n[/0X00ff00]（已领悟神性天赋・神威）[/0xffffff],
"185000000	18500	362	御星神决子攻击	0	0	0	0	0	0	0	0	0	100	9	0	16	1190	0	0	0	0	0	0	0	0	0	0	8	31000	5	34200	300	0	0	0	0	0	15	0	0	0	0	10	350	0	释放技能时有概率释放御星神诀效果，其中御星神诀效果触发几率：30%\n御星诀效果：星辰神子召唤银河中濒临爆发的星辰，对目标造成每招[@570+21@]%的13连招，并为神子回复8点星能\n御星神诀・创世效果：星辰神子召唤银河中濒临爆发的星辰，对目标造成每招[@570+21@]%的13连招，还将释放出星辰之爆，对目标造成4200%魔法伤害，并为神子回复8点星能。御星神诀每次伤害都将为目标标记1层【创世之印】――当【创世之印】达到5层或消失时，每层创世之印将对目标造成1000%伤害。\n[/0X00ff00]（已领悟神性天赋・创世）	NULL	NULL	NULL	NULL	0	NULL	NULL	NULL	NULL	0	0	0	0	0	NULL	0	0	0	0	65536	0	0	0	0	0	0	0	0	0	1	0	0	0	0	0	0	0	0	NULL	0	0	0	0	NULL	NULL	0	0	0	0	2	0	0	NULL	0	0	0	NULL	18500	0	0	0	0	0	0	0	0	3285	0	0	0	0	0	0	0	0	0	4017137	1	0	0	0	0	0",御星神决子攻击 释放技能时有概率释放御星神诀效果，其中御星神诀效果触发几率：30%\n御星诀效果：星辰神子召唤银河中濒临爆发的星辰，对目标造成每招[@570+21@]%的13连招，并为神子回复8点星能\n御星神诀・创世效果：星辰神子召唤银河中濒临爆发的星辰，对目标造成每招[@570+21@]%的13连招，还将释放出星辰之爆，对目标造成4200%魔法伤害，并为神子回复8点星能。御星神诀每次伤害都将为目标标记1层【创世之印】――当【创世之印】达到5层或消失时，每层创世之印将对目标造成1000%伤害。\n[/0X00ff00]（已领悟神性天赋・创世）,
"186000000	18600	362	御星神诀子技能	1	0	0	0	0	0	0	0	0	100	9	0	16	0	0	0	0	0	0	0	0	0	0	0	8	0	0	33800	300	0	0	0	0	0	15	0	0	0	0	10	350	0	释放技能时有概率释放御星神诀效果，其中御星神诀效果触发几率：30%\n御星诀效果：星辰神子召唤银河中濒临爆发的星辰，对目标造成每招[@490+21@]%的13连招，并为神子回复8点星能。\n御星神诀效果：星辰神子召唤银河中濒临爆发的星辰，对目标造成每招[@490+21@]%的13连招。还将释放出星辰之爆，对目标造成3800%魔法伤害，并为神子回复8点星能。	NULL	NULL	NULL	NULL	0	NULL	NULL	NULL	NULL	0	0	0	0	0	NULL	0	0	0	0	65536	0	0	0	0	0	0	0	0	0	1	0	0	0	0	0	0	0	0	NULL	0	0	0	0	NULL	NULL	0	0	0	0	2	0	0	NULL	0	0	0	NULL	18500	0	0	0	0	0	0	0	1250	3285	0	0	0	0	0	0	0	0	0	4017085	1	0	0	0	0	0",御星神诀子技能 释放技能时有概率释放御星神诀效果，其中御星神诀效果触发几率：30%\n御星诀效果：星辰神子召唤银河中濒临爆发的星辰，对目标造成每招[@490+21@]%的13连招，并为神子回复8点星能。\n御星神诀效果：星辰神子召唤银河中濒临爆发的星辰，对目标造成每招[@490+21@]%的13连招。还将释放出星辰之爆，对目标造成3800%魔法伤害，并为神子回复8点星能。,
"186000010	18600	362	御星神诀子技能	1	0	0	0	1	0	0	0	0	100	9	0	16	0	0	0	0	0	0	0	0	0	0	0	8	0	0	33900	300	0	0	0	0	0	15	0	0	0	0	10	350	0	释放技能时有概率释放御星神诀效果，其中御星神诀效果触发几率：30%\n御星诀效果：星辰神子召唤银河中濒临爆发的星辰，对目标造成每招[@510+21@]%的13连招，并为神子回复8点星能。\n御星神诀效果：星辰神子召唤银河中濒临爆发的星辰，对目标造成每招[@510+21@]%的13连招。还将释放出星辰之爆，对目标造成3900%魔法伤害，并为神子回复8点星能。	NULL	NULL	NULL	NULL	0	NULL	NULL	NULL	NULL	0	0	0	0	0	NULL	0	0	0	0	65536	0	0	0	0	0	0	0	0	0	1	0	0	0	0	0	0	0	0	NULL	0	0	0	0	NULL	NULL	0	0	0	0	2	0	0	NULL	0	0	0	NULL	18500	0	0	0	0	0	0	0	2250	3285	0	0	0	0	0	0	0	0	0	4017098	1	0	0	0	0	0",御星神诀子技能 释放技能时有概率释放御星神诀效果，其中御星神诀效果触发几率：30%\n御星诀效果：星辰神子召唤银河中濒临爆发的星辰，对目标造成每招[@510+21@]%的13连招，并为神子回复8点星能。\n御星神诀效果：星辰神子召唤银河中濒临爆发的星辰，对目标造成每招[@510+21@]%的13连招。还将释放出星辰之爆，对目标造成3900%魔法伤害，并为神子回复8点星能。,
"186000020	18600	362	御星神诀子技能	1	0	0	0	2	0	0	0	0	100	9	0	16	0	0	0	0	0	0	0	0	0	0	0	8	0	0	34000	300	0	0	0	0	0	15	0	0	0	0	10	350	0	释放技能时有概率释放御星神诀效果，其中御星神诀效果触发几率：30%\n御星诀效果：星辰神子召唤银河中濒临爆发的星辰，对目标造成每招[@530+21@]%的13连招，并为神子回复8点星能。\n御星神诀效果：星辰神子召唤银河中濒临爆发的星辰，对目标造成每招[@530+21@]%的13连招。还将释放出星辰之爆，对目标造成4000%魔法伤害，并为神子回复8点星能。	NULL	NULL	NULL	NULL	0	NULL	NULL	NULL	NULL	0	0	0	0	0	NULL	0	0	0	0	65536	0	0	0	0	0	0	0	0	0	1	0	0	0	0	0	0	0	0	NULL	0	0	0	0	NULL	NULL	0	0	0	0	2	0	0	NULL	0	0	0	NULL	18500	0	0	0	0	0	0	0	3250	3285	0	0	0	0	0	0	0	0	0	4017111	1	0	0	0	0	0",御星神诀子技能 释放技能时有概率释放御星神诀效果，其中御星神诀效果触发几率：30%\n御星诀效果：星辰神子召唤银河中濒临爆发的星辰，对目标造成每招[@530+21@]%的13连招，并为神子回复8点星能。\n御星神诀效果：星辰神子召唤银河中濒临爆发的星辰，对目标造成每招[@530+21@]%的13连招。还将释放出星辰之爆，对目标造成4000%魔法伤害，并为神子回复8点星能。,
"186000030	18600	362	御星神诀子技能	1	0	0	0	3	0	0	0	0	100	9	0	16	0	0	0	0	0	0	0	0	0	0	0	8	0	0	34100	300	0	0	0	0	0	15	0	0	0	0	10	350	0	释放技能时有概率释放御星神诀效果，其中御星神诀效果触发几率：30%\n御星诀效果：星辰神子召唤银河中濒临爆发的星辰，对目标造成每招[@550+21@]%的13连招，并为神子回复8点星能。\n御星神诀效果：星辰神子召唤银河中濒临爆发的星辰，对目标造成每招[@550+21@]%的13连招。还将释放出星辰之爆，对目标造成4100%魔法伤害，并为神子回复8点星能。	NULL	NULL	NULL	NULL	0	NULL	NULL	NULL	NULL	0	0	0	0	0	NULL	0	0	0	0	65536	0	0	0	0	0	0	0	0	0	1	0	0	0	0	0	0	0	0	NULL	0	0	0	0	NULL	NULL	0	0	0	0	2	0	0	NULL	0	0	0	NULL	18500	0	0	0	0	0	0	0	5250	3285	0	0	0	0	0	0	0	0	0	4017124	1	0	0	0	0	0",御星神诀子技能 释放技能时有概率释放御星神诀效果，其中御星神诀效果触发几率：30%\n御星诀效果：星辰神子召唤银河中濒临爆发的星辰，对目标造成每招[@550+21@]%的13连招，并为神子回复8点星能。\n御星神诀效果：星辰神子召唤银河中濒临爆发的星辰，对目标造成每招[@550+21@]%的13连招。还将释放出星辰之爆，对目标造成4100%魔法伤害，并为神子回复8点星能。,
"186000040	18600	362	御星神诀子技能	1	0	0	0	4	0	0	0	0	100	9	0	16	0	0	0	0	0	0	0	0	0	0	0	8	0	0	34200	300	0	0	0	0	0	15	0	0	0	0	10	350	0	释放技能时有概率释放御星神诀效果，其中御星神诀效果触发几率：30%\n御星诀效果：星辰神子召唤银河中濒临爆发的星辰，对目标造成每招[@570+21@]%的13连招，并为神子回复8点星能。\n御星神诀效果：星辰神子召唤银河中濒临爆发的星辰，对目标造成每招[@570+21@]%的13连招。还将释放出星辰之爆，对目标造成4200%魔法伤害，并为神子回复8点星能。	NULL	NULL	NULL	NULL	0	NULL	NULL	NULL	NULL	0	0	0	0	0	NULL	0	0	0	0	65536	0	0	0	0	0	0	0	0	0	1	0	0	0	0	0	0	0	0	NULL	0	0	0	0	NULL	NULL	0	0	0	0	2	0	0	NULL	0	0	0	NULL	18500	0	0	0	0	0	0	0	0	3285	0	0	0	0	0	0	0	0	0	4017137	1	0	0	0	0	0",御星神诀子技能 释放技能时有概率释放御星神诀效果，其中御星神诀效果触发几率：30%\n御星诀效果：星辰神子召唤银河中濒临爆发的星辰，对目标造成每招[@570+21@]%的13连招，并为神子回复8点星能。\n御星神诀效果：星辰神子召唤银河中濒临爆发的星辰，对目标造成每招[@570+21@]%的13连招。还将释放出星辰之爆，对目标造成4200%魔法伤害，并为神子回复8点星能。,
"186360000	18636	362	御星神诀子技能	1	0	0	0	0	0	0	0	0	100	9	0	16	1190	0	0	0	0	0	0	0	0	0	0	8	31000	5	33800	300	0	0	0	0	0	15	0	0	0	0	10	350	0	释放技能时有概率释放御星神诀效果，其中御星神诀效果触发几率：30%\n御星诀效果：星辰神子召唤银河中濒临爆发的星辰，对目标造成每招[@490+21@]%的13连招，并为神子回复8点星能\n御星神诀・创世效果：星辰神子召唤银河中濒临爆发的星辰，对目标造成每招[@490+21@]%的13连招，还将释放出星辰之爆，对目标造成3800%魔法伤害，并为神子回复8点星能。御星神诀每次伤害都将为目标标记1层【创世之印】――当【创世之印】达到5层或消失时，每层创世之印将对目标造成1000%伤害。\n[/0X00ff00]（已领悟神性天赋・创世）	NULL	NULL	NULL	NULL	0	NULL	NULL	NULL	NULL	0	0	0	0	0	NULL	0	0	0	0	65536	0	0	0	0	0	0	0	0	0	1	0	0	0	0	0	0	0	0	NULL	0	0	0	0	NULL	NULL	0	0	0	0	2	0	0	NULL	0	0	0	NULL	18500	0	0	0	0	0	0	0	1250	3285	0	0	0	0	0	0	0	0	0	4017085	1	0	0	0	0	0",御星神诀子技能 释放技能时有概率释放御星神诀效果，其中御星神诀效果触发几率：30%\n御星诀效果：星辰神子召唤银河中濒临爆发的星辰，对目标造成每招[@490+21@]%的13连招，并为神子回复8点星能\n御星神诀・创世效果：星辰神子召唤银河中濒临爆发的星辰，对目标造成每招[@490+21@]%的13连招，还将释放出星辰之爆，对目标造成3800%魔法伤害，并为神子回复8点星能。御星神诀每次伤害都将为目标标记1层【创世之印】――当【创世之印】达到5层或消失时，每层创世之印将对目标造成1000%伤害。\n[/0X00ff00]（已领悟神性天赋・创世）,
"186360010	18636	362	御星神诀子技能	1	0	0	0	1	0	0	0	0	100	9	0	16	1190	0	0	0	0	0	0	0	0	0	0	8	31000	5	33900	300	0	0	0	0	0	15	0	0	0	0	10	350	0	释放技能时有概率释放御星神诀效果，其中御星神诀效果触发几率：30%\n御星诀效果：星辰神子召唤银河中濒临爆发的星辰，对目标造成每招[@510+21@]%的13连招，并为神子回复8点星能\n御星神诀・创世效果：星辰神子召唤银河中濒临爆发的星辰，对目标造成每招[@510+21@]%的13连招，还将释放出星辰之爆，对目标造成3900%魔法伤害，并为神子回复8点星能。御星神诀每次伤害都将为目标标记1层【创世之印】――当【创世之印】达到5层或消失时，每层创世之印将对目标造成1000%伤害。\n[/0X00ff00]（已领悟神性天赋・创世）	NULL	NULL	NULL	NULL	0	NULL	NULL	NULL	NULL	0	0	0	0	0	NULL	0	0	0	0	65536	0	0	0	0	0	0	0	0	0	1	0	0	0	0	0	0	0	0	NULL	0	0	0	0	NULL	NULL	0	0	0	0	2	0	0	NULL	0	0	0	NULL	18500	0	0	0	0	0	0	0	2250	3285	0	0	0	0	0	0	0	0	0	4017098	1	0	0	0	0	0",御星神诀子技能 释放技能时有概率释放御星神诀效果，其中御星神诀效果触发几率：30%\n御星诀效果：星辰神子召唤银河中濒临爆发的星辰，对目标造成每招[@510+21@]%的13连招，并为神子回复8点星能\n御星神诀・创世效果：星辰神子召唤银河中濒临爆发的星辰，对目标造成每招[@510+21@]%的13连招，还将释放出星辰之爆，对目标造成3900%魔法伤害，并为神子回复8点星能。御星神诀每次伤害都将为目标标记1层【创世之印】――当【创世之印】达到5层或消失时，每层创世之印将对目标造成1000%伤害。\n[/0X00ff00]（已领悟神性天赋・创世）,
"186360020	18636	362	御星神诀子技能	1	0	0	0	2	0	0	0	0	100	9	0	16	1190	0	0	0	0	0	0	0	0	0	0	8	31000	5	34000	300	0	0	0	0	0	15	0	0	0	0	10	350	0	释放技能时有概率释放御星神诀效果，其中御星神诀效果触发几率：30%\n御星诀效果：星辰神子召唤银河中濒临爆发的星辰，对目标造成每招[@530+21@]%的13连招，并为神子回复8点星能\n御星神诀・创世效果：星辰神子召唤银河中濒临爆发的星辰，对目标造成每招[@530+21@]%的13连招，还将释放出星辰之爆，对目标造成4000%魔法伤害，并为神子回复8点星能。御星神诀每次伤害都将为目标标记1层【创世之印】――当【创世之印】达到5层或消失时，每层创世之印将对目标造成1000%伤害。\n[/0X00ff00]（已领悟神性天赋・创世）	NULL	NULL	NULL	NULL	0	NULL	NULL	NULL	NULL	0	0	0	0	0	NULL	0	0	0	0	65536	0	0	0	0	0	0	0	0	0	1	0	0	0	0	0	0	0	0	NULL	0	0	0	0	NULL	NULL	0	0	0	0	2	0	0	NULL	0	0	0	NULL	18500	0	0	0	0	0	0	0	3250	3285	0	0	0	0	0	0	0	0	0	4017111	1	0	0	0	0	0",御星神诀子技能 释放技能时有概率释放御星神诀效果，其中御星神诀效果触发几率：30%\n御星诀效果：星辰神子召唤银河中濒临爆发的星辰，对目标造成每招[@530+21@]%的13连招，并为神子回复8点星能\n御星神诀・创世效果：星辰神子召唤银河中濒临爆发的星辰，对目标造成每招[@530+21@]%的13连招，还将释放出星辰之爆，对目标造成4000%魔法伤害，并为神子回复8点星能。御星神诀每次伤害都将为目标标记1层【创世之印】――当【创世之印】达到5层或消失时，每层创世之印将对目标造成1000%伤害。\n[/0X00ff00]（已领悟神性天赋・创世）,
"186360030	18636	362	御星神诀子技能	1	0	0	0	3	0	0	0	0	100	9	0	16	1190	0	0	0	0	0	0	0	0	0	0	8	31000	5	34100	300	0	0	0	0	0	15	0	0	0	0	10	350	0	释放技能时有概率释放御星神诀效果，其中御星神诀效果触发几率：30%\n御星诀效果：星辰神子召唤银河中濒临爆发的星辰，对目标造成每招[@550+21@]%的13连招，并为神子回复8点星能\n御星神诀・创世效果：星辰神子召唤银河中濒临爆发的星辰，对目标造成每招[@550+21@]%的13连招，还将释放出星辰之爆，对目标造成4100%魔法伤害，并为神子回复8点星能。御星神诀每次伤害都将为目标标记1层【创世之印】――当【创世之印】达到5层或消失时，每层创世之印将对目标造成1000%伤害。\n[/0X00ff00]（已领悟神性天赋・创世）	NULL	NULL	NULL	NULL	0	NULL	NULL	NULL	NULL	0	0	0	0	0	NULL	0	0	0	0	65536	0	0	0	0	0	0	0	0	0	1	0	0	0	0	0	0	0	0	NULL	0	0	0	0	NULL	NULL	0	0	0	0	2	0	0	NULL	0	0	0	NULL	18500	0	0	0	0	0	0	0	5250	3285	0	0	0	0	0	0	0	0	0	4017124	1	0	0	0	0	0",御星神诀子技能 释放技能时有概率释放御星神诀效果，其中御星神诀效果触发几率：30%\n御星诀效果：星辰神子召唤银河中濒临爆发的星辰，对目标造成每招[@550+21@]%的13连招，并为神子回复8点星能\n御星神诀・创世效果：星辰神子召唤银河中濒临爆发的星辰，对目标造成每招[@550+21@]%的13连招，还将释放出星辰之爆，对目标造成4100%魔法伤害，并为神子回复8点星能。御星神诀每次伤害都将为目标标记1层【创世之印】――当【创世之印】达到5层或消失时，每层创世之印将对目标造成1000%伤害。\n[/0X00ff00]（已领悟神性天赋・创世）,
"186360040	18636	362	御星神诀子技能	1	0	0	0	4	0	0	0	0	100	9	0	16	1190	0	0	0	0	0	0	0	0	0	0	8	31000	5	34200	300	0	0	0	0	0	15	0	0	0	0	10	350	0	释放技能时有概率释放御星神诀效果，其中御星神诀效果触发几率：30%\n御星诀效果：星辰神子召唤银河中濒临爆发的星辰，对目标造成每招[@570+21@]%的13连招，并为神子回复8点星能\n御星神诀・创世效果：星辰神子召唤银河中濒临爆发的星辰，对目标造成每招[@570+21@]%的13连招，还将释放出星辰之爆，对目标造成4200%魔法伤害，并为神子回复8点星能。御星神诀每次伤害都将为目标标记1层【创世之印】――当【创世之印】达到5层或消失时，每层创世之印将对目标造成1000%伤害。\n[/0X00ff00]（已领悟神性天赋・创世）	NULL	NULL	NULL	NULL	0	NULL	NULL	NULL	NULL	0	0	0	0	0	NULL	0	0	0	0	65536	0	0	0	0	0	0	0	0	0	1	0	0	0	0	0	0	0	0	NULL	0	0	0	0	NULL	NULL	0	0	0	0	2	0	0	NULL	0	0	0	NULL	18500	0	0	0	0	0	0	0	0	3285	0	0	0	0	0	0	0	0	0	4017137	1	0	0	0	0	0",御星神诀子技能 释放技能时有概率释放御星神诀效果，其中御星神诀效果触发几率：30%\n御星诀效果：星辰神子召唤银河中濒临爆发的星辰，对目标造成每招[@570+21@]%的13连招，并为神子回复8点星能\n御星神诀・创世效果：星辰神子召唤银河中濒临爆发的星辰，对目标造成每招[@570+21@]%的13连招，还将释放出星辰之爆，对目标造成4200%魔法伤害，并为神子回复8点星能。御星神诀每次伤害都将为目标标记1层【创世之印】――当【创世之印】达到5层或消失时，每层创世之印将对目标造成1000%伤害。\n[/0X00ff00]（已领悟神性天赋・创世）,
"202250000	20225	5	雷霆审判・陷阱子攻击	0	0	0	0	0	0	0	0	0	0	0	0	0	0	0	0	0	0	0	0	0	0	0	0	0	0	0	0	0	0	0	0	0	0	0	0	0	0	0	3	0	0	0	0	0	0	0	0	0	0	0	0	0	0	0	0	0	0	0	0	0	0	0	0	0	0	0	0	0	0	0	0	0	0	0	0	0	0	0	0	0	0	0	0	0	0	0	0	0	0	0	0	0	0	0	0	0	0	0	0	0	0	0	0	0	0	0	0	0	0	0	0	0	0	0	0	0	0	0	0	1	0	0	0	0	0",雷霆审判・陷阱子攻击,
"210010000	21001	242	冥国女王・幽冥潮汐	0	0	0	0	0	0	0	0	0	0	0	0	0	0	0	0	0	0	0	0	0	0	0	0	0	0	0	0	0	0	0	0	0	0	0	0	0	0	0	3	0	0	0	NULL	NULL	NULL	NULL	0	NULL	NULL	NULL	NULL	0	0	0	0	0	NULL	0	0	0	0	0	0	0	0	0	0	0	0	0	0	0	0	0	0	0	0	0	0	0	NULL	0	0	0	0	NULL	NULL	0	0	0	0	0	0	0	NULL	0	0	0	NULL	0	0	0	0	0	0	0	0	0	0	0	0	0	0	0	0	0	0	0	0	1	0	0	0	0	0",冥国女王・幽冥潮汐,
"214090000	21409	229	旋风利刃	1	0	0	4	0	0	0	0	0	100	10	8	30	414	4	0	0	0	0	20	0	0	0	0	0	0	0	0	0	0	0	0	0	0	0	1	0	0	0	3	0	0	使用斗气对周围范围所有敌方目标进行猛烈劈砍，每次造成[@1566+21@]%物理伤害，持续10秒。期间角色可移动，但无法施放其它技能。	NULL	NULL	20334skill_samll|20334skill	NULL	0	20334_act	Skill_Warrior_xflr_Impact	NULL	NULL	0	0	0	0	0	NULL	0	0	0	0	0	0	0	0	0	0	0	0	0	0	1	0	0	0	0	0	4	0	0	NULL	0	0	0	0	NULL	NULL	0	0	0	0	2	0	0	NULL	0	0	0	NULL	1510	0	3	0	0	0	0	0	1250	0	0	0	0	3	0	0	0	0	0	0	1	0	0	0	0	0",旋风利刃 使用斗气对周围范围所有敌方目标进行猛烈劈砍，每次造成[@1566+21@]%物理伤害，持续10秒。期间角色可移动，但无法施放其它技能。,
"214090010	21409	229	旋风利刃	1	0	0	4	1	0	0	0	0	100	10	8	30	414	4	0	0	0	0	20	0	0	0	0	0	0	0	0	0	0	0	0	0	0	0	1	0	0	0	3	0	0	使用斗气对周围范围所有敌方目标进行猛烈劈砍，每次造成[@1621+21@]%物理伤害，持续10秒。期间角色可移动，但无法施放其它技能。	NULL	NULL	20334skill_samll|20334skill	NULL	0	20334_act	Skill_Warrior_xflr_Impact	NULL	NULL	0	0	0	0	0	NULL	0	0	0	0	0	0	0	0	0	0	0	0	0	0	1	0	0	0	0	0	4	0	0	NULL	0	0	0	0	NULL	NULL	0	0	0	0	2	0	0	NULL	0	0	0	NULL	1510	0	3	0	0	0	0	0	2250	0	0	0	0	3	0	0	0	0	0	0	1	0	0	0	0	0",旋风利刃 使用斗气对周围范围所有敌方目标进行猛烈劈砍，每次造成[@1621+21@]%物理伤害，持续10秒。期间角色可移动，但无法施放其它技能。,
"214090020	21409	229	旋风利刃	1	0	0	4	2	0	0	0	0	100	10	8	30	414	4	0	0	0	0	20	0	0	0	0	0	0	0	0	0	0	0	0	0	0	0	1	0	0	0	3	0	0	使用斗气对周围范围所有敌方目标进行猛烈劈砍，每次造成[@1691+21@]%物理伤害，持续10秒。期间角色可移动，但无法施放其它技能。	NULL	NULL	20334skill_samll|20334skill	NULL	0	20334_act	Skill_Warrior_xflr_Impact	NULL	NULL	0	0	0	0	0	NULL	0	0	0	0	0	0	0	0	0	0	0	0	0	0	1	0	0	0	0	0	4	0	0	NULL	0	0	0	0	NULL	NULL	0	0	0	0	2	0	0	NULL	0	0	0	NULL	1510	0	3	0	0	0	0	0	3250	0	0	0	0	3	0	0	0	0	0	0	1	0	0	0	0	0",旋风利刃 使用斗气对周围范围所有敌方目标进行猛烈劈砍，每次造成[@1691+21@]%物理伤害，持续10秒。期间角色可移动，但无法施放其它技能。,
"214090030	21409	229	旋风利刃	1	0	0	4	3	0	0	0	0	100	10	8	30	414	4	0	0	0	0	20	0	0	0	0	0	0	0	0	0	0	0	0	0	0	0	1	0	0	0	3	0	0	使用斗气对周围范围所有敌方目标进行猛烈劈砍，每次造成[@1774+21@]%物理伤害，持续10秒。期间角色可移动，但无法施放其它技能。	NULL	NULL	20334skill_samll|20334skill	NULL	0	20334_act	Skill_Warrior_xflr_Impact	NULL	NULL	0	0	0	0	0	NULL	0	0	0	0	0	0	0	0	0	0	0	0	0	0	1	0	0	0	0	0	4	0	0	NULL	0	0	0	0	NULL	NULL	0	0	0	0	2	0	0	NULL	0	0	0	NULL	1510	0	3	0	0	0	0	0	5250	0	0	0	0	3	0	0	0	0	0	0	1	0	0	0	0	0",旋风利刃 使用斗气对周围范围所有敌方目标进行猛烈劈砍，每次造成[@1774+21@]%物理伤害，持续10秒。期间角色可移动，但无法施放其它技能。,
"214090040	21409	229	旋风利刃	1	0	0	4	4	0	0	0	0	100	10	8	30	414	4	0	0	0	0	20	0	0	0	0	0	0	0	0	0	0	0	0	0	0	0	1	0	0	0	3	0	0	使用斗气对周围范围所有敌方目标进行猛烈劈砍，每次造成[@1880+21@]%物理伤害，持续10秒。期间角色可移动，但无法施放其它技能。	NULL	NULL	20334skill_samll|20334skill	NULL	0	20334_act	Skill_Warrior_xflr_Impact	NULL	NULL	0	0	0	0	0	NULL	0	0	0	0	0	0	0	0	0	0	0	0	0	0	1	0	0	0	0	0	4	0	0	NULL	0	0	0	0	NULL	NULL	0	0	0	0	2	0	0	NULL	0	0	0	NULL	1510	0	3	0	0	0	0	0	0	0	0	0	0	3	0	0	0	0	0	0	1	0	0	0	0	0",旋风利刃 使用斗气对周围范围所有敌方目标进行猛烈劈砍，每次造成[@1880+21@]%物理伤害，持续10秒。期间角色可移动，但无法施放其它技能。,
"214210000	21421	208	星陨・千面	1	0	0	4	0	30	0	30805	0	100	10	12	15	409	16	0	0	0	0	30	0	0	1	0	999	999	100	0	0	35	0	0	0	0	0	0	0	0	0	3	0	0	召唤流星，每隔0.7秒随机选择1~3名周围敌人进行打击，每次打击坠落1~3颗流星，每颗流星造成[@805+11@]%的魔法伤害。星陨时间持续10秒。	NULL	Skill_YNZ_xy_cp	NULL	Skill_YNZ_xy_cast	0	2080basehead_act	Skill_YNZ_xy_hit	2080baseground_act.TME	NULL	0	0	0	0	0	NULL	0	0	0	0	0	0	0	0	0	0	40	0	0	0	1	0	0	0	0	0	4	0	0	NULL	0	0	0	0	NULL	NULL	0	0	0	0	2	0	0	NULL	0	0	0	NULL	2100	2	0	0	0	0	0	0	0	0	0	0	0	0	0	0	0	0	0	0	1	0	0	0	0	0",星陨・千面 召唤流星，每隔0.7秒随机选择1~3名周围敌人进行打击，每次打击坠落1~3颗流星，每颗流星造成[@805+11@]%的魔法伤害。星陨时间持续10秒。,
"214600000	21460	242	冥国女王・幽冥潮汐・千面	0	0	0	0	0	0	0	0	0	0	0	0	0	0	0	0	0	0	0	0	0	0	0	0	0	0	0	0	0	0	0	0	0	0	0	0	0	0	0	3	0	0	0	NULL	NULL	NULL	NULL	0	NULL	NULL	NULL	NULL	0	0	0	0	0	NULL	0	0	0	0	0	0	0	0	0	0	0	0	0	0	0	0	0	0	0	0	0	0	0	NULL	0	0	0	0	NULL	NULL	0	0	0	0	0	0	0	NULL	0	0	0	NULL	0	0	0	0	0	0	0	0	0	0	0	0	0	0	0	0	0	0	0	0	1	0	0	0	0	0",冥国女王・幽冥潮汐・千面,
"219900000	21990	390	必杀技・八稚女・最后一段	0	0	0	0	0	0	0	0	0	0	0	0	0	0	0	0	0	0	0	0	0	0	0	0	0	0	0	0	0	0	0	0	0	0	0	0	0	3	0	3	0	0	0	0	0	0	0	0	0	0	0	0	0	0	0	0	0	0	0	0	0	0	0	0	0	0	0	0	0	0	0	0	0	0	0	0	0	0	0	0	0	0	0	0	0	0	0	0	0	0	0	0	0	0	0	0	0	0	0	0	0	0	0	0	0	0	0	0	0	0	0	0	0	0	0	0	0	0	0	0	1	0	0	0	0	0",必杀技・八稚女・最后一段,
"220170000	22017	0	镇山河・陷阱子攻击	0	0	0	4	0	0	0	0	0	0	0	0	0	0	0	0	0	0	0	0	0	0	0	0	0	0	0	0	0	0	0	0	0	0	0	0	0	0	0	3	0	0	0	0	0	0	0	0	0	0	0	0	0	0	0	0	0	0	0	0	0	0	0	0	0	0	0	0	0	0	0	0	0	0	0	0	0	0	0	0	0	0	0	0	0	0	0	0	0	0	0	0	0	0	0	0	0	0	0	0	0	0	0	0	0	0	0	0	0	0	0	0	0	0	0	0	0	0	0	0	1	0	0	0	0	0",镇山河・陷阱子攻击,
"232000000	23200	586	连珠陨火・残焰	1	0	0	4	0	0	0	31300	0	100	10	0	9999	414	0	0	0	0	0	20	0	0	0	0	100	0	0	0	0	0	0	0	0	0	0	1	0	0	0	3	0	0	连珠陨火・残焰	NULL	NULL	20334skill_samll|20334skill	NULL	0	20334_act	Skill_Warrior_xflr_Impact	NULL	NULL	0	0	0	0	0	NULL	0	0	0	0	0	0	0	0	0	0	0	0	0	0	1	0	0	0	0	0	0	0	0	NULL	0	0	0	0	NULL	NULL	0	0	0	0	2	0	0	NULL	0	0	0	NULL	1510	0	3	0	0	0	0	0	1250	0	0	0	0	3	0	0	0	0	0	0	1	0	0	0	0	0",连珠陨火・残焰 连珠陨火・残焰,
"232000010	23200	586	连珠陨火	1	0	0	4	1	0	0	31300	0	100	10	0	9999	414	0	0	0	0	0	20	0	0	0	0	100	0	0	0	0	0	0	0	0	0	0	1	0	0	0	3	0	0	连珠陨火	NULL	NULL	20334skill_samll|20334skill	NULL	0	20334_act	Skill_Warrior_xflr_Impact	NULL	NULL	0	0	0	0	0	NULL	0	0	0	0	0	0	0	0	0	0	0	0	0	0	1	0	0	0	0	0	0	0	0	NULL	0	0	0	0	NULL	NULL	0	0	0	0	2	0	0	NULL	0	0	0	NULL	1510	0	3	0	0	0	0	0	1250	0	0	0	0	3	0	0	0	0	0	0	1	0	0	0	0	0",连珠陨火 连珠陨火,
"233360000	23336	586	火焰冲击	1	0	0	4	0	0	0	31300	0	100	10	0	9999	414	0	0	0	0	0	20	0	0	0	0	100	0	0	2000	0	0	0	0	0	0	0	1	0	0	0	3	0	0	火焰冲击	NULL	NULL	20334skill_samll|20334skill	NULL	0	20334_act	Skill_Warrior_xflr_Impact	NULL	NULL	0	0	0	0	0	NULL	0	0	0	0	0	0	0	0	0	0	0	0	0	0	1	0	0	0	0	0	0	0	0	NULL	0	0	0	0	NULL	NULL	0	0	0	0	2	0	0	NULL	0	0	0	NULL	1510	0	3	0	0	0	0	0	1250	0	0	0	0	3	0	0	0	0	0	0	1	0	0	0	0	0",火焰冲击 火焰冲击,
"240010000	24001	487	冥渊魂引子技能	0	0	0	0	0	0	0	0	0	0	0	0	0	0	0	0	0	0	0	0	0	0	0	0	0	0	0	0	0	0	0	0	0	0	0	0	0	0	0	3	0	0	0	NULL	NULL	NULL	Skill_Warrior_xfz	0	2022zyjx_wlmeljsj	NULL	NULL	NULL	0	0	0	0	0	NULL	0	0	0	0	0	0	0	0	0	0	0	0	0	0	0	0	0	0	0	0	0	0	0	NULL	0	0	0	0	NULL	NULL	0	0	0	0	0	0	0	NULL	0	0	0	NULL	0	0	0	0	0	0	0	0	0	0	0	0	0	0	0	0	0	0	0	0	1	0	0	0	0	0",冥渊魂引子技能,
"240110000	24011	494	乾坤剑域・子技能	0	0	0	0	0	0	0	0	0	0	0	0	0	0	0	0	0	0	0	0	0	0	0	0	0	0	0	0	0	0	0	0	0	0	0	0	0	0	0	3	0	0	0	NULL	NULL	NULL	NULL	0	NULL	NULL	NULL	NULL	0	0	0	0	0	NULL	0	0	0	0	0	0	0	0	0	0	0	0	0	0	0	0	0	0	0	0	0	0	0	NULL	0	0	0	0	NULL	NULL	0	0	0	0	0	0	0	NULL	0	0	0	NULL	0	0	0	0	0	0	0	0	0	0	0	0	0	0	0	0	0	0	0	0	1	0	0	0	0	0",乾坤剑域・子技能,
"240210000	24021	0	弓箭手-闪避射击	0	0	0	0	0	0	0	0	0	0	0	0	0	0	0	0	0	0	0	0	0	0	0	0	0	0	0	0	0	0	0	0	0	0	0	0	0	0	0	3	0	0	0	0	0	0	0	0	0	0	0	0	0	0	0	0	0	0	0	0	0	0	0	0	0	0	0	0	0	0	0	0	0	0	0	0	0	0	0	0	0	0	0	0	0	0	0	0	0	0	0	0	0	0	0	0	0	0	0	0	0	0	0	0	0	0	0	0	0	0	0	0	0	0	0	0	0	0	0	0	1	0	0	0	0	0",弓箭手-闪避射击,
"240440000	24044	0	魔龙打击・暗影・陷阱攻击	0	0	0	0	0	0	0	0	0	0	0	0	0	0	0	0	0	0	0	0	0	0	0	0	0	0	0	0	0	0	0	0	0	0	0	0	0	0	0	3	0	0	0	0	0	0	0	0	0	0	0	0	0	0	0	0	0	0	0	0	0	0	0	0	0	0	0	0	0	0	0	0	0	0	0	0	0	0	0	0	0	0	0	0	0	0	0	0	0	0	0	0	0	0	0	0	0	0	0	0	0	0	0	0	0	0	0	0	0	0	0	0	0	0	0	0	0	0	0	0	1	0	0	0	0	0",魔龙打击・暗影・陷阱攻击,
"240450000	24045	0	魔龙打击・残暴・陷阱攻击	0	0	0	0	0	0	0	0	0	0	0	0	0	0	0	0	0	0	0	0	0	0	0	0	0	0	0	0	0	0	0	0	0	0	0	0	0	0	0	3	0	0	0	0	0	0	0	0	0	0	0	0	0	0	0	0	0	0	0	0	0	0	0	0	0	0	0	0	0	0	0	0	0	0	0	0	0	0	0	0	0	0	0	0	0	0	0	0	0	0	0	0	0	0	0	0	0	0	0	0	0	0	0	0	0	0	0	0	0	0	0	0	0	0	0	0	0	0	0	0	1	0	0	0	0	0",魔龙打击・残暴・陷阱攻击,
"240710000	24071	453	奥法专注・天威爆雷术	0	0	0	0	0	0	0	0	0	0	0	0	0	0	0	0	0	0	0	0	0	0	0	0	0	0	0	0	0	0	0	0	0	0	0	0	0	0	0	3	0	0	0	0	0	0	0	0	0	0	0	0	0	0	0	0	0	0	0	0	0	0	0	0	0	0	0	0	0	0	0	0	0	0	0	0	0	0	0	0	0	0	0	0	0	0	0	0	0	0	0	0	0	0	0	0	0	0	0	0	0	0	0	0	0	0	0	0	0	0	0	0	0	0	0	0	0	0	0	0	1	0	0	0	0	0",奥法专注・天威爆雷术,
"240720000	24072	454	奥法专注・飓风狂袭	0	0	0	0	0	0	0	0	0	0	0	0	0	0	0	0	0	0	0	0	0	0	0	0	0	0	0	0	0	0	0	0	0	0	0	0	0	0	0	3	0	0	0	0	0	0	0	0	0	0	0	0	0	0	0	0	0	0	0	0	0	0	0	0	0	0	0	0	0	0	0	0	0	0	0	0	0	0	0	0	0	0	0	0	0	0	0	0	0	0	0	0	0	0	0	0	0	0	0	0	0	0	0	0	0	0	0	0	0	0	0	0	0	0	0	0	0	0	0	0	1	0	0	0	0	0",奥法专注・飓风狂袭,
"240730000	24073	455	奥法专注・炽阳陨火	0	0	0	0	0	0	0	0	0	0	0	0	0	0	0	0	0	0	0	0	0	0	0	0	0	0	0	0	0	0	0	0	0	0	0	0	0	0	0	3	0	0	0	0	0	0	0	0	0	0	0	0	0	0	0	0	0	0	0	0	0	0	0	0	0	0	0	0	0	0	0	0	0	0	0	0	0	0	0	0	0	0	0	0	0	0	0	0	0	0	0	0	0	0	0	0	0	0	0	0	0	0	0	0	0	0	0	0	0	0	0	0	0	0	0	0	0	0	0	0	1	0	0	0	0	0",奥法专注・炽阳陨火,
"240740000	24074	456	奥法专注・巨岩圣盾	0	0	0	0	0	0	0	0	0	0	0	0	0	0	0	0	0	0	0	0	0	0	0	0	0	0	0	0	0	0	0	0	0	0	0	0	0	0	0	3	0	0	0	0	0	0	0	0	0	0	0	0	0	0	0	0	0	0	0	0	0	0	0	0	0	0	0	0	0	0	0	0	0	0	0	0	0	0	0	0	0	0	0	0	0	0	0	0	0	0	0	0	0	0	0	0	0	0	0	0	0	0	0	0	0	0	0	0	0	0	0	0	0	0	0	0	0	0	0	0	1	0	0	0	0	0",奥法专注・巨岩圣盾,
"241000000	24100	589	火焰冲击・引爆	1	0	0	4	0	0	0	30400	0	100	10	0	0	414	0	0	0	0	0	20	0	0	0	0	0	0	0	0	0	0	0	0	0	0	0	1	0	0	0	3	0	0	火焰冲击・引爆	NULL	NULL	20334skill_samll|20334skill	NULL	0	20334_act	Skill_Warrior_xflr_Impact	NULL	NULL	0	0	0	0	0	NULL	0	0	0	0	0	0	0	0	0	0	0	0	0	0	1	0	0	0	0	0	0	0	0	NULL	0	0	0	0	NULL	NULL	0	0	0	0	2	0	0	NULL	0	0	0	NULL	1510	0	3	0	0	0	0	0	1250	0	0	0	0	3	0	0	0	0	0	0	1	0	0	0	0	0",火焰冲击・引爆 火焰冲击・引爆,
"245310000	24531	229	旋风利刃子技能/26000	1	0	0	4	0	0	0	0	0	100	10	8	30	414	4	0	0	0	0	20	0	0	0	0	0	0	0	0	0	0	0	0	0	0	0	1	0	0	0	3	0	0	使用斗气对周围范围所有敌方目标进行猛烈劈砍，每次造成[@1566+21@]%物理伤害，持续10秒。期间角色可移动，但无法施放其它技能。	NULL	NULL	20334skill_samll|20334skill	NULL	0	20334_act	Skill_Warrior_xflr_Impact	NULL	NULL	0	0	0	0	0	NULL	0	0	0	0	0	0	0	0	0	0	0	0	0	0	1	0	0	0	0	0	4	0	0	NULL	0	0	0	0	NULL	NULL	0	0	0	0	2	0	0	NULL	0	0	0	NULL	1510	0	3	0	0	0	0	0	1250	0	0	0	0	3	0	0	0	0	0	0	1	0	0	0	0	0",旋风利刃子技能/26000 使用斗气对周围范围所有敌方目标进行猛烈劈砍，每次造成[@1566+21@]%物理伤害，持续10秒。期间角色可移动，但无法施放其它技能。,
"245310010	24531	229	旋风利刃子技能/26000	1	0	0	4	1	0	0	0	0	100	10	8	30	414	4	0	0	0	0	20	0	0	0	0	0	0	0	0	0	0	0	0	0	0	0	1	0	0	0	3	0	0	使用斗气对周围范围所有敌方目标进行猛烈劈砍，每次造成[@1621+21@]%物理伤害，持续10秒。期间角色可移动，但无法施放其它技能。	NULL	NULL	20334skill_samll|20334skill	NULL	0	20334_act	Skill_Warrior_xflr_Impact	NULL	NULL	0	0	0	0	0	NULL	0	0	0	0	0	0	0	0	0	0	0	0	0	0	1	0	0	0	0	0	4	0	0	NULL	0	0	0	0	NULL	NULL	0	0	0	0	2	0	0	NULL	0	0	0	NULL	1510	0	3	0	0	0	0	0	2250	0	0	0	0	3	0	0	0	0	0	0	1	0	0	0	0	0",旋风利刃子技能/26000 使用斗气对周围范围所有敌方目标进行猛烈劈砍，每次造成[@1621+21@]%物理伤害，持续10秒。期间角色可移动，但无法施放其它技能。,
"245310020	24531	229	旋风利刃子技能/26000	1	0	0	4	2	0	0	0	0	100	10	8	30	414	4	0	0	0	0	20	0	0	0	0	0	0	0	0	0	0	0	0	0	0	0	1	0	0	0	3	0	0	使用斗气对周围范围所有敌方目标进行猛烈劈砍，每次造成[@1691+21@]%物理伤害，持续10秒。期间角色可移动，但无法施放其它技能。	NULL	NULL	20334skill_samll|20334skill	NULL	0	20334_act	Skill_Warrior_xflr_Impact	NULL	NULL	0	0	0	0	0	NULL	0	0	0	0	0	0	0	0	0	0	0	0	0	0	1	0	0	0	0	0	4	0	0	NULL	0	0	0	0	NULL	NULL	0	0	0	0	2	0	0	NULL	0	0	0	NULL	1510	0	3	0	0	0	0	0	3250	0	0	0	0	3	0	0	0	0	0	0	1	0	0	0	0	0",旋风利刃子技能/26000 使用斗气对周围范围所有敌方目标进行猛烈劈砍，每次造成[@1691+21@]%物理伤害，持续10秒。期间角色可移动，但无法施放其它技能。,
"245410000	24541	208	星陨子技能/26600	1	0	0	4	0	30	0	30805	0	100	10	12	15	409	16	0	0	0	0	30	0	0	1	0	999	999	100	0	0	35	0	0	0	0	0	0	0	0	0	3	0	0	召唤流星，每隔0.7秒随机选择1~3名周围敌人进行打击，每次打击坠落1~3颗流星，每颗流星造成[@805+11@]%的魔法伤害。星陨时间持续10秒。	NULL	Skill_YNZ_xy_cp	NULL	Skill_YNZ_xy_cast	0	2080basehead_act	Skill_YNZ_xy_hit	2080baseground_act.TME	NULL	0	0	0	0	0	NULL	0	0	0	0	0	0	0	0	0	0	40	0	0	0	1	0	0	0	0	0	4	0	0	NULL	0	0	0	0	NULL	NULL	0	0	0	0	2	0	0	NULL	0	0	0	NULL	2100	2	0	0	0	0	0	0	0	0	0	0	0	0	0	0	0	0	0	0	1	0	0	0	0	0",星陨子技能/26600 召唤流星，每隔0.7秒随机选择1~3名周围敌人进行打击，每次打击坠落1~3颗流星，每颗流星造成[@805+11@]%的魔法伤害。星陨时间持续10秒。,
"245470000	24547	487	冥渊魂引子技能/24001	0	0	0	0	0	0	0	0	0	0	0	0	0	0	0	0	0	0	0	0	0	0	0	0	0	0	0	0	0	0	0	0	0	0	0	0	0	0	0	3	0	0	0	NULL	NULL	NULL	Skill_Warrior_xfz	0	2022zyjx_wlmeljsj	NULL	NULL	NULL	0	0	0	0	0	NULL	0	0	0	0	0	0	0	0	0	0	0	0	0	0	0	0	0	0	0	0	0	0	0	NULL	0	0	0	0	NULL	NULL	0	0	0	0	0	0	0	NULL	0	0	0	NULL	0	0	0	0	0	0	0	0	0	0	0	0	0	0	0	0	0	0	0	0	1	0	0	0	0	0",冥渊魂引子技能/24001,
"245500000	24550	0	魔龙焚世子技能/27500	0	0	0	0	0	0	0	0	0	0	0	0	0	0	0	0	0	0	0	0	0	0	0	0	0	0	0	0	0	0	0	0	0	0	0	0	0	0	0	3	0	0	0	0	0	0	0	0	0	0	0	0	0	0	0	0	0	0	0	0	0	0	0	0	0	0	0	0	0	0	0	0	0	0	0	0	0	0	0	0	0	0	0	0	0	0	0	0	0	0	0	0	0	0	0	0	0	0	0	0	0	0	0	0	0	0	0	0	0	0	0	0	0	0	0	0	0	0	0	0	1	0	0	0	0	0",魔龙焚世子技能/27500,
"245600000	24560	303	万剑归宗子技能/40000	0	0	0	0	0	0	0	0	0	0	0	0	0	0	0	0	0	0	0	0	0	0	0	0	0	0	0	0	0	0	0	0	0	0	0	0	0	0	0	3	0	0	0	NULL	NULL	NULL	NULL	0	NULL	NULL	NULL	NULL	0	0	0	0	0	NULL	0	0	0	0	0	0	0	0	0	0	0	0	0	0	0	0	0	0	0	0	0	0	0	NULL	0	0	0	0	NULL	NULL	0	0	0	0	0	0	0	NULL	0	0	0	NULL	0	0	0	0	0	0	0	0	0	0	0	0	0	0	0	0	0	0	0	0	1	0	0	0	0	0",万剑归宗子技能/40000,
"245650000	24565	350	上古・斗转星移子技能/18100	1	0	0	4	0	0	0	31175	0	100	300	1	27	1181	0	0	0	0	0	0	0	0	1	20	4	0	417	1	1	50	0	0	0	0	0	0	0	0	0	3	350	20	使用条件：星能≥50点\n星辰神子每秒消耗[@15-15@]点星能，释放的战意令天河斗转星移，形成带有星辰神罚的旋涡，对周围随机4个敌人造成[@1175+21@]%魔法伤害并眩晕敌人，每个敌人每秒只能受到一次伤害，直至星能耗尽。	NULL	NULL	NULL	NULL	0	NULL	NULL	NULL	NULL	0	0	0	0	0	NULL	0	0	0	0	0	15	0	0	0	0	0	0	0	0	1	0	0	0	0	0	0	0	0	NULL	0	0	0	0	NULL	NULL	0	0	0	0	2	0	0	NULL	0	0	0	NULL	17100	0	0	0	0	0	0	0	1250	0	0	0	0	0	0	0	0	0	0	0	1	0	0	0	0	0",上古・斗转星移子技能/18100 使用条件：星能≥50点\n星辰神子每秒消耗[@15-15@]点星能，释放的战意令天河斗转星移，形成带有星辰神罚的旋涡，对周围随机4个敌人造成[@1175+21@]%魔法伤害并眩晕敌人，每个敌人每秒只能受到一次伤害，直至星能耗尽。,
"245650010	24565	350	上古・斗转星移子技能/18100	1	0	0	4	1	0	0	31240	0	100	300	1	27	1181	0	0	0	0	0	0	0	0	1	20	4	0	417	1	1	50	0	0	0	0	0	0	0	0	0	3	350	20	使用条件：星能≥50点\n星辰神子每秒消耗[@15-15@]点星能，释放的战意令天河斗转星移，形成带有星辰神罚的旋涡，对周围随机4个敌人造成[@1240+21@]%魔法伤害并眩晕敌人，每个敌人每秒只能受到一次伤害，直至星能耗尽。	NULL	NULL	NULL	NULL	0	NULL	NULL	NULL	NULL	0	0	0	0	0	NULL	0	0	0	0	0	15	0	0	0	0	0	0	0	0	1	0	0	0	0	0	0	0	0	NULL	0	0	0	0	NULL	NULL	0	0	0	0	2	0	0	NULL	0	0	0	NULL	17100	0	0	0	0	0	0	0	2250	0	0	0	0	0	0	0	0	0	0	0	1	0	0	0	0	0",上古・斗转星移子技能/18100 使用条件：星能≥50点\n星辰神子每秒消耗[@15-15@]点星能，释放的战意令天河斗转星移，形成带有星辰神罚的旋涡，对周围随机4个敌人造成[@1240+21@]%魔法伤害并眩晕敌人，每个敌人每秒只能受到一次伤害，直至星能耗尽。,
"245650020	24565	350	上古・斗转星移子技能/18100	1	0	0	4	2	0	0	31305	0	100	300	1	27	1181	0	0	0	0	0	0	0	0	1	20	4	0	417	1	1	50	0	0	0	0	0	0	0	0	0	3	350	20	使用条件：星能≥50点\n星辰神子每秒消耗[@15-15@]点星能，释放的战意令天河斗转星移，形成带有星辰神罚的旋涡，对周围随机4个敌人造成[@1305+21@]%魔法伤害并眩晕敌人，每个敌人每秒只能受到一次伤害，直至星能耗尽。	NULL	NULL	NULL	NULL	0	NULL	NULL	NULL	NULL	0	0	0	0	0	NULL	0	0	0	0	0	15	0	0	0	0	0	0	0	0	1	0	0	0	0	0	0	0	0	NULL	0	0	0	0	NULL	NULL	0	0	0	0	2	0	0	NULL	0	0	0	NULL	17100	0	0	0	0	0	0	0	3250	0	0	0	0	0	0	0	0	0	0	0	1	0	0	0	0	0",上古・斗转星移子技能/18100 使用条件：星能≥50点\n星辰神子每秒消耗[@15-15@]点星能，释放的战意令天河斗转星移，形成带有星辰神罚的旋涡，对周围随机4个敌人造成[@1305+21@]%魔法伤害并眩晕敌人，每个敌人每秒只能受到一次伤害，直至星能耗尽。,
"246200000	24620	663	花木兰主动子技能	1	0	0	1	0	0	0	30500	0	100	0	0	16	0	0	0	0	0	0	0	0	0	0	0	0	0	0	0	0	0	0	0	0	0	0	0	0	0	0	3	0	0	火焰符文	NULL	NULL	NULL	NULL	0	NULL	NULL	NULL	NULL	0	0	0	0	0	NULL	0	0	0	0	0	0	0	0	0	0	0	0	0	0	1	0	0	0	0	0	0	0	0	NULL	0	1	0	0	NULL	NULL	0	0	0	0	2	0	0	NULL	0	0	0	NULL	0	0	0	0	0	0	0	1	0	0	0	0	0	0	0	0	0	0	0	0	2	0	0	0	0	0",花木兰主动子技能 火焰符文,
"260000000	26000	229	旋风利刃子技能	1	0	0	4	0	0	0	0	0	100	10	8	30	414	4	0	0	0	0	20	0	0	0	0	0	0	0	0	0	0	0	0	0	0	0	1	0	0	0	3	0	0	使用斗气对周围范围所有敌方目标进行猛烈劈砍，每次造成[@1566+21@]%物理伤害，持续10秒。期间角色可移动，但无法施放其它技能。	NULL	NULL	20334skill_samll|20334skill	NULL	0	20334_act	Skill_Warrior_xflr_Impact	NULL	NULL	0	0	0	0	0	NULL	0	0	0	0	0	0	0	0	0	0	0	0	0	0	1	0	0	0	0	0	4	0	0	NULL	0	0	0	0	NULL	NULL	0	0	0	0	2	0	0	NULL	0	0	0	NULL	1510	0	3	0	0	0	0	0	1250	0	0	0	0	3	0	0	0	0	0	0	1	0	0	0	0	0",旋风利刃子技能 使用斗气对周围范围所有敌方目标进行猛烈劈砍，每次造成[@1566+21@]%物理伤害，持续10秒。期间角色可移动，但无法施放其它技能。,
"260000010	26000	229	旋风利刃子技能	1	0	0	4	1	0	0	0	0	100	10	8	30	414	4	0	0	0	0	20	0	0	0	0	0	0	0	0	0	0	0	0	0	0	0	1	0	0	0	3	0	0	使用斗气对周围范围所有敌方目标进行猛烈劈砍，每次造成[@1621+21@]%物理伤害，持续10秒。期间角色可移动，但无法施放其它技能。	NULL	NULL	20334skill_samll|20334skill	NULL	0	20334_act	Skill_Warrior_xflr_Impact	NULL	NULL	0	0	0	0	0	NULL	0	0	0	0	0	0	0	0	0	0	0	0	0	0	1	0	0	0	0	0	4	0	0	NULL	0	0	0	0	NULL	NULL	0	0	0	0	2	0	0	NULL	0	0	0	NULL	1510	0	3	0	0	0	0	0	2250	0	0	0	0	3	0	0	0	0	0	0	1	0	0	0	0	0",旋风利刃子技能 使用斗气对周围范围所有敌方目标进行猛烈劈砍，每次造成[@1621+21@]%物理伤害，持续10秒。期间角色可移动，但无法施放其它技能。,
"260000020	26000	229	旋风利刃子技能	1	0	0	4	2	0	0	0	0	100	10	8	30	414	4	0	0	0	0	20	0	0	0	0	0	0	0	0	0	0	0	0	0	0	0	1	0	0	0	3	0	0	使用斗气对周围范围所有敌方目标进行猛烈劈砍，每次造成[@1691+21@]%物理伤害，持续10秒。期间角色可移动，但无法施放其它技能。	NULL	NULL	20334skill_samll|20334skill	NULL	0	20334_act	Skill_Warrior_xflr_Impact	NULL	NULL	0	0	0	0	0	NULL	0	0	0	0	0	0	0	0	0	0	0	0	0	0	1	0	0	0	0	0	4	0	0	NULL	0	0	0	0	NULL	NULL	0	0	0	0	2	0	0	NULL	0	0	0	NULL	1510	0	3	0	0	0	0	0	3250	0	0	0	0	3	0	0	0	0	0	0	1	0	0	0	0	0",旋风利刃子技能 使用斗气对周围范围所有敌方目标进行猛烈劈砍，每次造成[@1691+21@]%物理伤害，持续10秒。期间角色可移动，但无法施放其它技能。,
"260000030	26000	229	旋风利刃子技能	1	0	0	4	3	0	0	0	0	100	10	8	30	414	4	0	0	0	0	20	0	0	0	0	0	0	0	0	0	0	0	0	0	0	0	1	0	0	0	3	0	0	使用斗气对周围范围所有敌方目标进行猛烈劈砍，每次造成[@1774+21@]%物理伤害，持续10秒。期间角色可移动，但无法施放其它技能。	NULL	NULL	20334skill_samll|20334skill	NULL	0	20334_act	Skill_Warrior_xflr_Impact	NULL	NULL	0	0	0	0	0	NULL	0	0	0	0	0	0	0	0	0	0	0	0	0	0	1	0	0	0	0	0	4	0	0	NULL	0	0	0	0	NULL	NULL	0	0	0	0	2	0	0	NULL	0	0	0	NULL	1510	0	3	0	0	0	0	0	5250	0	0	0	0	3	0	0	0	0	0	0	1	0	0	0	0	0",旋风利刃子技能 使用斗气对周围范围所有敌方目标进行猛烈劈砍，每次造成[@1774+21@]%物理伤害，持续10秒。期间角色可移动，但无法施放其它技能。,
"260000040	26000	229	旋风利刃子技能	1	0	0	4	4	0	0	0	0	100	10	8	30	414	4	0	0	0	0	20	0	0	0	0	0	0	0	0	0	0	0	0	0	0	0	1	0	0	0	3	0	0	使用斗气对周围范围所有敌方目标进行猛烈劈砍，每次造成[@1880+21@]%物理伤害，持续10秒。期间角色可移动，但无法施放其它技能。	NULL	NULL	20334skill_samll|20334skill	NULL	0	20334_act	Skill_Warrior_xflr_Impact	NULL	NULL	0	0	0	0	0	NULL	0	0	0	0	0	0	0	0	0	0	0	0	0	0	1	0	0	0	0	0	4	0	0	NULL	0	0	0	0	NULL	NULL	0	0	0	0	2	0	0	NULL	0	0	0	NULL	1510	0	3	0	0	0	0	0	0	0	0	0	0	3	0	0	0	0	0	0	1	0	0	0	0	0",旋风利刃子技能 使用斗气对周围范围所有敌方目标进行猛烈劈砍，每次造成[@1880+21@]%物理伤害，持续10秒。期间角色可移动，但无法施放其它技能。,
"260360000	26036	229	旋风利刃・屠戮子技能	1	0	0	4	0	0	0	0	0	100	10	8	30	414	0	0	0	0	0	20	0	0	0	0	0	0	0	0	0	0	0	0	0	0	0	1	0	0	0	3	0	0	使用斗气对四周大范围的敌方目标进行猛烈劈砍，每次造成[@1566+21@]%物理伤害。期间角色可移动，但无法施放其它技能。\n[/0X00ff00]（已领悟神性天赋・屠戮）	NULL	NULL	20334skill_samll|20334skill	NULL	0	20334_act	Skill_Warrior_xflr_Impact	NULL	NULL	0	0	0	0	0	NULL	0	0	0	0	0	0	0	0	0	0	0	0	0	0	1	0	0	0	0	0	0	0	0	NULL	0	0	0	0	NULL	NULL	0	0	0	0	2	0	0	NULL	0	0	0	NULL	1510	0	3	0	0	0	0	0	1250	0	0	0	0	3	0	0	0	0	0	0	1	0	0	0	0	0",旋风利刃・屠戮子技能 使用斗气对四周大范围的敌方目标进行猛烈劈砍，每次造成[@1566+21@]%物理伤害。期间角色可移动，但无法施放其它技能。\n[/0X00ff00]（已领悟神性天赋・屠戮）,
"260360010	26036	229	旋风利刃・屠戮子技能	1	0	0	4	1	0	0	0	0	100	10	8	30	414	0	0	0	0	0	20	0	0	0	0	0	0	0	0	0	0	0	0	0	0	0	1	0	0	0	3	0	0	使用斗气对四周大范围的敌方目标进行猛烈劈砍，每次造成[@1621+21@]%物理伤害。期间角色可移动，但无法施放其它技能。\n[/0X00ff00]（已领悟神性天赋・屠戮）	NULL	NULL	20334skill_samll|20334skill	NULL	0	20334_act	Skill_Warrior_xflr_Impact	NULL	NULL	0	0	0	0	0	NULL	0	0	0	0	0	0	0	0	0	0	0	0	0	0	1	0	0	0	0	0	0	0	0	NULL	0	0	0	0	NULL	NULL	0	0	0	0	2	0	0	NULL	0	0	0	NULL	1510	0	3	0	0	0	0	0	2250	0	0	0	0	3	0	0	0	0	0	0	1	0	0	0	0	0",旋风利刃・屠戮子技能 使用斗气对四周大范围的敌方目标进行猛烈劈砍，每次造成[@1621+21@]%物理伤害。期间角色可移动，但无法施放其它技能。\n[/0X00ff00]（已领悟神性天赋・屠戮）,
"260360020	26036	229	旋风利刃・屠戮子技能	1	0	0	4	2	0	0	0	0	100	10	8	30	414	0	0	0	0	0	20	0	0	0	0	0	0	0	0	0	0	0	0	0	0	0	1	0	0	0	3	0	0	使用斗气对四周大范围的敌方目标进行猛烈劈砍，每次造成[@1691+21@]%物理伤害。期间角色可移动，但无法施放其它技能。\n[/0X00ff00]（已领悟神性天赋・屠戮）	NULL	NULL	20334skill_samll|20334skill	NULL	0	20334_act	Skill_Warrior_xflr_Impact	NULL	NULL	0	0	0	0	0	NULL	0	0	0	0	0	0	0	0	0	0	0	0	0	0	1	0	0	0	0	0	0	0	0	NULL	0	0	0	0	NULL	NULL	0	0	0	0	2	0	0	NULL	0	0	0	NULL	1510	0	3	0	0	0	0	0	3250	0	0	0	0	3	0	0	0	0	0	0	1	0	0	0	0	0",旋风利刃・屠戮子技能 使用斗气对四周大范围的敌方目标进行猛烈劈砍，每次造成[@1691+21@]%物理伤害。期间角色可移动，但无法施放其它技能。\n[/0X00ff00]（已领悟神性天赋・屠戮）,
"260360030	26036	229	旋风利刃・屠戮子技能	1	0	0	4	3	0	0	0	0	100	10	8	30	414	0	0	0	0	0	20	0	0	0	0	0	0	0	0	0	0	0	0	0	0	0	1	0	0	0	3	0	0	使用斗气对四周大范围的敌方目标进行猛烈劈砍，每次造成[@1774+21@]%物理伤害。期间角色可移动，但无法施放其它技能。\n[/0X00ff00]（已领悟神性天赋・屠戮）	NULL	NULL	20334skill_samll|20334skill	NULL	0	20334_act	Skill_Warrior_xflr_Impact	NULL	NULL	0	0	0	0	0	NULL	0	0	0	0	0	0	0	0	0	0	0	0	0	0	1	0	0	0	0	0	0	0	0	NULL	0	0	0	0	NULL	NULL	0	0	0	0	2	0	0	NULL	0	0	0	NULL	1510	0	3	0	0	0	0	0	5250	0	0	0	0	3	0	0	0	0	0	0	1	0	0	0	0	0",旋风利刃・屠戮子技能 使用斗气对四周大范围的敌方目标进行猛烈劈砍，每次造成[@1774+21@]%物理伤害。期间角色可移动，但无法施放其它技能。\n[/0X00ff00]（已领悟神性天赋・屠戮）,
"260360040	26036	229	旋风利刃・屠戮子技能	1	0	0	4	4	0	0	0	0	100	10	8	30	414	0	0	0	0	0	20	0	0	0	0	0	0	0	0	0	0	0	0	0	0	0	1	0	0	0	3	0	0	使用斗气对四周大范围的敌方目标进行猛烈劈砍，每次造成[@1880+21@]%物理伤害。期间角色可移动，但无法施放其它技能。\n[/0X00ff00]（已领悟神性天赋・屠戮）	NULL	NULL	20334skill_samll|20334skill	NULL	0	20334_act	Skill_Warrior_xflr_Impact	NULL	NULL	0	0	0	0	0	NULL	0	0	0	0	0	0	0	0	0	0	0	0	0	0	1	0	0	0	0	0	0	0	0	NULL	0	0	0	0	NULL	NULL	0	0	0	0	2	0	0	NULL	0	0	0	NULL	1510	0	3	0	0	0	0	0	0	0	0	0	0	3	0	0	0	0	0	0	1	0	0	0	0	0",旋风利刃・屠戮子技能 使用斗气对四周大范围的敌方目标进行猛烈劈砍，每次造成[@1880+21@]%物理伤害。期间角色可移动，但无法施放其它技能。\n[/0X00ff00]（已领悟神性天赋・屠戮）,
"295000000	29500	297	上古・无双剑舞・子技能	0	0	0	0	0	0	0	0	0	0	0	0	0	0	0	0	0	0	0	0	0	0	0	0	0	0	0	0	0	0	0	0	0	0	0	0	0	0	0	3	0	0	0	NULL	NULL	NULL	NULL	0	NULL	NULL	NULL	NULL	0	0	0	0	0	NULL	0	0	0	0	0	0	0	0	0	0	0	0	0	0	0	0	0	0	0	0	0	0	0	NULL	0	0	0	0	NULL	NULL	0	0	0	0	0	0	0	NULL	0	0	0	NULL	0	0	0	0	0	0	0	0	0	0	0	0	0	0	0	0	0	0	0	0	1	0	0	0	0	0",上古・无双剑舞・子技能,
"295360000	29536	297	上古・无双剑舞・诛邪・子技能	0	0	0	0	0	0	0	0	0	0	0	0	0	0	0	0	0	0	0	0	0	0	0	0	0	0	0	0	0	0	0	0	0	0	0	0	0	0	0	3	0	0	0	NULL	NULL	NULL	NULL	0	NULL	NULL	NULL	NULL	0	0	0	0	0	NULL	0	0	0	0	0	0	0	0	0	0	0	0	0	0	0	0	0	0	0	0	0	0	0	NULL	0	0	0	0	NULL	NULL	0	0	0	0	0	0	0	NULL	0	0	0	NULL	0	0	0	0	0	0	0	0	0	0	0	0	0	0	0	0	0	0	0	0	1	0	0	0	0	0",上古・无双剑舞・诛邪・子技能,
"296000000	29600	297	强化・上古・无双剑舞・子技能	0	0	0	0	0	0	0	0	0	0	0	0	0	0	0	0	0	0	0	0	0	0	0	0	0	0	0	0	0	0	0	0	0	0	0	0	0	0	0	3	0	0	0	NULL	NULL	NULL	NULL	0	NULL	NULL	NULL	NULL	0	0	0	0	0	NULL	0	0	0	0	0	0	0	0	0	0	0	0	0	0	0	0	0	0	0	0	0	0	0	NULL	0	0	0	0	NULL	NULL	0	0	0	0	0	0	0	NULL	0	0	0	NULL	0	0	0	0	0	0	0	0	0	0	0	0	0	0	0	0	0	0	0	0	1	0	0	0	0	0",强化・上古・无双剑舞・子技能,
"296360000	29636	297	强化・上古・无双剑舞・诛邪・子技能	0	0	0	0	0	0	0	0	0	0	0	0	0	0	0	0	0	0	0	0	0	0	0	0	0	0	0	0	0	0	0	0	0	0	0	0	0	0	0	3	0	0	0	NULL	NULL	NULL	NULL	0	NULL	NULL	NULL	NULL	0	0	0	0	0	NULL	0	0	0	0	0	0	0	0	0	0	0	0	0	0	0	0	0	0	0	0	0	0	0	NULL	0	0	0	0	NULL	NULL	0	0	0	0	0	0	0	NULL	0	0	0	NULL	0	0	0	0	0	0	0	0	0	0	0	0	0	0	0	0	0	0	0	0	1	0	0	0	0	0",强化・上古・无双剑舞・诛邪・子技能,
"316000000	31600	593	雷炎旋涡・陷阱子攻击	1	0	0	4	0	0	0	30800	0	100	0	0	0	0	0	0	0	0	0	4	0	0	0	0	1000	1000	0	0	0	0	0	0	0	0	0	0	0	0	0	3	0	0	雷炎旋涡・陷阱子攻击	NULL	NULL	NULL	NULL	0	NULL	NULL	NULL	NULL	0	0	0	0	0	NULL	0	0	0	0	0	0	0	0	0	0	0	0	0	0	1	0	0	0	0	0	0	0	0	NULL	0	1	0	0	NULL	NULL	0	0	0	0	2	0	0	NULL	0	0	0	NULL	0	0	0	0	0	0	0	1	0	0	0	0	0	0	0	0	0	0	0	0	2	0	0	0	0	0",雷炎旋涡・陷阱子攻击 雷炎旋涡・陷阱子攻击,
"316360000	31636	593	雷炎旋涡・聚变・陷阱子攻击	1	0	0	4	0	0	0	31200	0	100	0	0	0	0	0	0	0	0	0	4	0	0	0	0	1000	1000	0	0	0	0	0	0	0	0	0	0	0	0	0	3	0	0	雷炎旋涡・聚变・陷阱子攻击	NULL	NULL	NULL	NULL	0	NULL	NULL	NULL	NULL	0	0	0	0	0	NULL	0	0	0	0	0	0	0	0	0	0	0	0	0	0	1	0	0	0	0	0	0	0	0	NULL	0	1	0	0	NULL	NULL	0	0	0	0	2	0	0	NULL	0	0	0	NULL	0	0	0	0	0	0	0	1	0	0	0	0	0	0	0	0	0	0	0	0	2	0	0	0	0	0",雷炎旋涡・聚变・陷阱子攻击 雷炎旋涡・聚变・陷阱子攻击,
"316720000	31672	593	雷炎旋涡・聚能・陷阱子攻击	1	0	0	4	0	0	0	30800	0	100	0	0	0	0	0	0	0	0	0	4	0	0	0	0	1000	1000	3	1	1000	0	0	0	0	0	0	0	0	0	0	3	0	0	雷炎旋涡・聚能・陷阱子攻击	NULL	NULL	NULL	NULL	0	NULL	NULL	NULL	NULL	0	0	0	0	0	NULL	0	0	0	0	0	0	0	0	0	0	0	0	0	0	1	0	0	0	0	0	0	0	0	NULL	0	1	0	0	NULL	NULL	0	0	0	0	2	0	0	NULL	0	0	0	NULL	0	0	0	0	0	0	0	1	0	0	0	0	0	0	0	0	0	0	0	0	2	0	0	0	0	0",雷炎旋涡・聚能・陷阱子攻击 雷炎旋涡・聚能・陷阱子攻击,
"316730000	31673	593	雷炎旋涡・击飞・陷阱子攻击	1	0	0	4	0	0	0	30800	0	100	0	0	0	0	0	0	0	0	0	4	0	0	0	0	1000	1000	0	0	0	0	0	0	0	0	0	0	0	0	0	3	0	0	雷炎旋涡・击飞・陷阱子攻击	NULL	NULL	NULL	NULL	0	NULL	NULL	NULL	NULL	0	0	0	0	0	NULL	0	0	0	0	0	0	0	0	0	0	0	0	0	0	1	0	0	0	0	0	0	0	0	NULL	0	1	0	0	NULL	NULL	0	0	0	0	2	0	0	NULL	0	0	0	NULL	0	0	0	0	0	0	0	1	0	0	0	0	0	0	0	0	0	0	0	0	2	0	0	0	0	0",雷炎旋涡・击飞・陷阱子攻击 雷炎旋涡・击飞・陷阱子攻击,
"343010000	34301	641	异能者飞行专精主动・冲刺・消耗能量	0	1	0	4	0	0	0	0	0	100	0	0	0	450	0	0	0	0	0	0	0	0	0	0	0	0	0	0	0	0	0	0	0	0	0	0	0	0	0	0	350	0	载具闪现	NULL	NULL	NULL	NULL	0	NULL	NULL	NULL	NULL	0	0	0	0	0	NULL	0	0	0	0	8192	0	0	0	0	0	0	0	0	0	1	0	0	0	0	0	0	0	0	NULL	0	0	0	0	NULL	NULL	0	0	0	0	2	0	0	NULL	0	0	0	NULL	22403	0	0	0	0	0	0	0	0	0	0	0	0	0	0	0	0	0	0	0	2	0	0	0	0	0",异能者飞行专精主动・冲刺・消耗能量 载具闪现,
"345000000	34500	644	异能者飞行专精群星・子攻击	1	1	0	4	0	0	0	30800	0	100	0	5	0	450	0	0	0	0	0	0	0	0	0	0	0	0	0	0	0	0	0	0	0	0	0	0	0	0	0	0	350	0	载具闪现	NULL	NULL	NULL	NULL	0	NULL	NULL	NULL	NULL	0	0	0	0	0	NULL	0	0	0	0	0	0	0	0	0	0	0	0	0	0	1	0	0	0	0	0	0	0	0	NULL	0	0	0	0	NULL	NULL	0	0	0	0	2	0	0	NULL	0	0	0	NULL	34500	0	0	0	0	0	0	0	0	0	0	0	0	0	0	0	0	0	0	0	2	0	0	0	0	0",异能者飞行专精群星・子攻击 载具闪现,
"352010000	35201	649	异能者飞行专精・空中裁决	1	1	0	4	0	0	0	0	0	100	0	0	999999	450	0	0	0	0	0	0	0	0	0	0	0	0	0	0	0	0	0	0	0	0	0	0	0	0	0	3	350	0	载具闪现	NULL	NULL	NULL	NULL	0	NULL	NULL	NULL	NULL	0	0	0	0	0	NULL	0	0	0	0	0	0	0	0	0	0	0	0	0	0	1	0	0	0	0	0	0	0	0	NULL	0	0	0	0	NULL	NULL	0	0	0	0	2	0	0	NULL	0	0	0	NULL	35200	0	0	0	0	0	0	0	0	0	0	0	0	0	0	0	0	0	0	0	2	0	0	0	0	0",异能者飞行专精・空中裁决 载具闪现,
"352370000	35237	649	异能者飞行专精・空中裁决・末世	1	1	0	4	0	0	0	0	0	100	0	0	999999	450	0	0	0	0	0	0	0	0	0	0	30300	0	0	0	0	0	0	0	0	0	0	0	0	0	0	3	350	0	载具闪现	NULL	NULL	NULL	NULL	0	NULL	NULL	NULL	NULL	0	0	0	0	0	NULL	0	0	0	0	0	0	0	0	0	0	0	0	0	0	1	0	0	0	0	0	0	0	0	NULL	0	0	0	0	NULL	NULL	0	0	0	0	2	0	0	NULL	0	0	0	NULL	35200	0	0	0	0	0	0	0	0	0	0	0	0	0	0	0	0	0	0	0	2	0	0	0	0	0",异能者飞行专精・空中裁决・末世 载具闪现,
"375730000	37573	0	上古・群星箭雨・甘霖・陷阱子技能	0	0	0	0	0	0	0	0	0	0	0	0	0	0	0	0	0	0	0	0	0	0	0	0	0	0	0	0	0	0	0	0	0	0	0	0	0	0	0	3	0	0	0	0	0	0	0	0	0	0	0	0	0	0	0	0	0	0	0	0	0	0	0	0	0	0	0	0	0	0	0	0	0	0	0	0	0	0	0	0	0	0	0	0	0	0	0	0	0	0	0	0	0	0	0	0	0	0	0	0	0	0	0	0	0	0	0	0	0	0	0	0	0	0	0	0	0	0	0	0	1	0	0	0	0	0",上古・群星箭雨・甘霖・陷阱子技能,
"400000000	40000	303	万剑归宗・子技能	0	0	0	0	0	0	0	0	0	0	0	0	0	0	0	0	0	0	0	0	0	0	0	0	0	0	0	0	0	0	0	0	0	0	0	0	0	0	0	3	0	0	0	NULL	NULL	NULL	NULL	0	NULL	NULL	NULL	NULL	0	0	0	0	0	NULL	0	0	0	0	0	0	0	0	0	0	0	0	0	0	0	0	0	0	0	0	0	0	0	NULL	0	0	0	0	NULL	NULL	0	0	0	0	0	0	0	NULL	0	0	0	NULL	0	0	0	0	0	0	0	0	0	0	0	0	0	0	0	0	0	0	0	0	1	0	0	0	0	0",万剑归宗・子技能,
"402000000	40200	297	无双剑舞・子技能	0	0	0	0	0	0	0	0	0	0	0	0	0	0	0	0	0	0	0	0	0	0	0	0	0	0	0	0	0	0	0	0	0	0	0	0	0	0	0	3	0	0	0	NULL	NULL	NULL	NULL	0	NULL	NULL	NULL	NULL	0	0	0	0	0	NULL	0	0	0	0	0	0	0	0	0	0	0	0	0	0	0	0	0	0	0	0	0	0	0	NULL	0	0	0	0	NULL	NULL	0	0	0	0	0	0	0	NULL	0	0	0	NULL	0	0	0	0	0	0	0	0	0	0	0	0	0	0	0	0	0	0	0	0	1	0	0	0	0	0",无双剑舞・子技能,
"402360000	40236	297	无双剑舞・诛邪・子技能	0	0	0	0	0	0	0	0	0	0	0	0	0	0	0	0	0	0	0	0	0	0	0	0	0	0	0	0	0	0	0	0	0	0	0	0	0	0	0	3	0	0	0	NULL	NULL	NULL	NULL	0	NULL	NULL	NULL	NULL	0	0	0	0	0	NULL	0	0	0	0	0	0	0	0	0	0	0	0	0	0	0	0	0	0	0	0	0	0	0	NULL	0	0	0	0	NULL	NULL	0	0	0	0	0	0	0	NULL	0	0	0	NULL	0	0	0	0	0	0	0	0	0	0	0	0	0	0	0	0	0	0	0	0	1	0	0	0	0	0",无双剑舞・诛邪・子技能,
"404000000	40400	297	强化・无双剑舞・子技能	0	0	0	0	0	0	0	0	0	0	0	0	0	0	0	0	0	0	0	0	0	0	0	0	0	0	0	0	0	0	0	0	0	0	0	0	0	0	0	3	0	0	0	NULL	NULL	NULL	NULL	0	NULL	NULL	NULL	NULL	0	0	0	0	0	NULL	0	0	0	0	0	0	0	0	0	0	0	0	0	0	0	0	0	0	0	0	0	0	0	NULL	0	0	0	0	NULL	NULL	0	0	0	0	0	0	0	NULL	0	0	0	NULL	0	0	0	0	0	0	0	0	0	0	0	0	0	0	0	0	0	0	0	0	1	0	0	0	0	0",强化・无双剑舞・子技能,
"404360000	40436	297	强化・无双剑舞・诛邪・子技能	0	0	0	0	0	0	0	0	0	0	0	0	0	0	0	0	0	0	0	0	0	0	0	0	0	0	0	0	0	0	0	0	0	0	0	0	0	0	0	3	0	0	0	NULL	NULL	NULL	NULL	0	NULL	NULL	NULL	NULL	0	0	0	0	0	NULL	0	0	0	0	0	0	0	0	0	0	0	0	0	0	0	0	0	0	0	0	0	0	0	NULL	0	0	0	0	NULL	NULL	0	0	0	0	0	0	0	NULL	0	0	0	NULL	0	0	0	0	0	0	0	0	0	0	0	0	0	0	0	0	0	0	0	0	1	0	0	0	0	0",强化・无双剑舞・诛邪・子技能,
